,text,text_clean,text_token,text_nostop,text_stemmed,text_lemmatized
0,"Taiwan Semiconductor Manufacturing Company Limited (TSMC), one of the world’s top contract chipmakers, is under mounting pressure from the Trump administration to make chips in the United States, sources told the Nikkei Asian Review.
“The U.S. government wants chips that go into military projects to be built on American soil,” a senior Taiwanese government official told The Nikkei.
The United States has made it a priority to avoid using Chinese technology and surveillance to manufacture high-security components, such as memory chips, to prevent any possible Chinese interference.
Officials from the United States Department of Defense earlier contacted TSMC’s U.S. customers to check on the security implications of overseas chip manufacturing.
TSMC, at the time, assured their U.S. clients that the company makes semiconductor chips in compliance with the U.S. government’s security mandates","Taiwan Semiconductor Manufacturing Company Limited TSMC one of the world’s top contract chipmakers is under mounting pressure from the Trump administration to make chips in the United States sources told the Nikkei Asian Review
“The US government wants chips that go into military projects to be built on American soil” a senior Taiwanese government official told The Nikkei
The United States has made it a priority to avoid using Chinese technology and surveillance to manufacture highsecurity components such as memory chips to prevent any possible Chinese interference
Officials from the United States Department of Defense earlier contacted TSMC’s US customers to check on the security implications of overseas chip manufacturing
TSMC at the time assured their US clients that the company makes semiconductor chips in compliance with the US government’s security mandates","['taiwan', 'semiconductor', 'manufacturing', 'company', 'limited', 'tsmc', 'one', 'of', 'the', 'world', 's', 'top', 'contract', 'chipmakers', 'is', 'under', 'mounting', 'pressure', 'from', 'the', 'trump', 'administration', 'to', 'make', 'chips', 'in', 'the', 'united', 'states', 'sources', 'told', 'the', 'nikkei', 'asian', 'review', 'the', 'us', 'government', 'wants', 'chips', 'that', 'go', 'into', 'military', 'projects', 'to', 'be', 'built', 'on', 'american', 'soil', 'a', 'senior', 'taiwanese', 'government', 'official', 'told', 'the', 'nikkei', 'the', 'united', 'states', 'has', 'made', 'it', 'a', 'priority', 'to', 'avoid', 'using', 'chinese', 'technology', 'and', 'surveillance', 'to', 'manufacture', 'highsecurity', 'components', 'such', 'as', 'memory', 'chips', 'to', 'prevent', 'any', 'possible', 'chinese', 'interference', 'officials', 'from', 'the', 'united', 'states', 'department', 'of', 'defense', 'earlier', 'contacted', 'tsmc', 's', 'us', 'customers', 'to', 'check', 'on', 'the', 'security', 'implications', 'of', 'overseas', 'chip', 'manufacturing', 'tsmc', 'at', 'the', 'time', 'assured', 'their', 'us', 'clients', 'that', 'the', 'company', 'makes', 'semiconductor', 'chips', 'in', 'compliance', 'with', 'the', 'us', 'government', 's', 'security', 'mandates']","['taiwan', 'semiconductor', 'manufacturing', 'company', 'limited', 'tsmc', 'one', 'world', 'top', 'contract', 'chipmakers', 'mounting', 'pressure', 'trump', 'administration', 'make', 'chips', 'united', 'states', 'sources', 'told', 'nikkei', 'asian', 'review', 'us', 'government', 'wants', 'chips', 'go', 'military', 'projects', 'built', 'american', 'soil', 'senior', 'taiwanese', 'government', 'official', 'told', 'nikkei', 'united', 'states', 'made', 'priority', 'avoid', 'using', 'chinese', 'technology', 'surveillance', 'manufacture', 'highsecurity', 'components', 'memory', 'chips', 'prevent', 'possible', 'chinese', 'interference', 'officials', 'united', 'states', 'department', 'defense', 'earlier', 'contacted', 'tsmc', 'us', 'customers', 'check', 'security', 'implications', 'overseas', 'chip', 'manufacturing', 'tsmc', 'time', 'assured', 'us', 'clients', 'company', 'makes', 'semiconductor', 'chips', 'compliance', 'us', 'government', 'security', 'mandates']","['taiwan', 'semiconductor', 'manufactur', 'compani', 'limit', 'tsmc', 'one', 'world', 'top', 'contract', 'chipmak', 'mount', 'pressur', 'trump', 'administr', 'make', 'chip', 'unit', 'state', 'sourc', 'told', 'nikkei', 'asian', 'review', 'us', 'govern', 'want', 'chip', 'go', 'militari', 'project', 'built', 'american', 'soil', 'senior', 'taiwanes', 'govern', 'offici', 'told', 'nikkei', 'unit', 'state', 'made', 'prioriti', 'avoid', 'use', 'chines', 'technolog', 'surveil', 'manufactur', 'highsecur', 'compon', 'memori', 'chip', 'prevent', 'possibl', 'chines', 'interfer', 'offici', 'unit', 'state', 'depart', 'defens', 'earlier', 'contact', 'tsmc', 'us', 'custom', 'check', 'secur', 'implic', 'oversea', 'chip', 'manufactur', 'tsmc', 'time', 'assur', 'us', 'client', 'compani', 'make', 'semiconductor', 'chip', 'complianc', 'us', 'govern', 'secur', 'mandat']","['taiwan', 'semiconductor', 'manufacturing', 'company', 'limited', 'tsmc', 'one', 'world', 'top', 'contract', 'chipmakers', 'mounting', 'pressure', 'trump', 'administration', 'make', 'chip', 'united', 'state', 'source', 'told', 'nikkei', 'asian', 'review', 'u', 'government', 'want', 'chip', 'go', 'military', 'project', 'built', 'american', 'soil', 'senior', 'taiwanese', 'government', 'official', 'told', 'nikkei', 'united', 'state', 'made', 'priority', 'avoid', 'using', 'chinese', 'technology', 'surveillance', 'manufacture', 'highsecurity', 'component', 'memory', 'chip', 'prevent', 'possible', 'chinese', 'interference', 'official', 'united', 'state', 'department', 'defense', 'earlier', 'contacted', 'tsmc', 'u', 'customer', 'check', 'security', 'implication', 'overseas', 'chip', 'manufacturing', 'tsmc', 'time', 'assured', 'u', 'client', 'company', 'make', 'semiconductor', 'chip', 'compliance', 'u', 'government', 'security', 'mandate']"
1,"""Whatever export controls are coming up we think 5G momentum will continue and the interruption will be very short term,"" Mark Liu, Chairman of TSMC, told investors and reporters in Taipei.
TSMC forecast that the foundry industry would grow 17% this year, and that it would outperform that by several percentage points.
To meet the forecast growth in demand, TSMC raised its planned capital spending to a record $15-16 billion for 2020, versus $14.9 billion last year.
For 2019, TSMC sales reached a record NT$1.06 trillion, up 3.7% on year, but net income dropped 1.6% to NT$345.26 billion due to a sharp slowdown in the first half of 2019.
TSMC serves as a barometer of global electronics demand as it supplies a wide range of chip developers worldwide, including Apple, Huawei Technologies, Qualcomm, Google, Nvidia, Qualcomm, Sony, and Advanced Micro Devices","Whatever export controls are coming up we think 5G momentum will continue and the interruption will be very short term Mark Liu Chairman of TSMC told investors and reporters in Taipei
TSMC forecast that the foundry industry would grow 17 this year and that it would outperform that by several percentage points
To meet the forecast growth in demand TSMC raised its planned capital spending to a record 1516 billion for 2020 versus 149 billion last year
For 2019 TSMC sales reached a record NT106 trillion up 37 on year but net income dropped 16 to NT34526 billion due to a sharp slowdown in the first half of 2019
TSMC serves as a barometer of global electronics demand as it supplies a wide range of chip developers worldwide including Apple Huawei Technologies Qualcomm Google Nvidia Qualcomm Sony and Advanced Micro Devices","['whatever', 'export', 'controls', 'are', 'coming', 'up', 'we', 'think', '5g', 'momentum', 'will', 'continue', 'and', 'the', 'interruption', 'will', 'be', 'very', 'short', 'term', 'mark', 'liu', 'chairman', 'of', 'tsmc', 'told', 'investors', 'and', 'reporters', 'in', 'taipei', 'tsmc', 'forecast', 'that', 'the', 'foundry', 'industry', 'would', 'grow', '17', 'this', 'year', 'and', 'that', 'it', 'would', 'outperform', 'that', 'by', 'several', 'percentage', 'points', 'to', 'meet', 'the', 'forecast', 'growth', 'in', 'demand', 'tsmc', 'raised', 'its', 'planned', 'capital', 'spending', 'to', 'a', 'record', '1516', 'billion', 'for', '2020', 'versus', '149', 'billion', 'last', 'year', 'for', '2019', 'tsmc', 'sales', 'reached', 'a', 'record', 'nt106', 'trillion', 'up', '37', 'on', 'year', 'but', 'net', 'income', 'dropped', '16', 'to', 'nt34526', 'billion', 'due', 'to', 'a', 'sharp', 'slowdown', 'in', 'the', 'first', 'half', 'of', '2019', 'tsmc', 'serves', 'as', 'a', 'barometer', 'of', 'global', 'electronics', 'demand', 'as', 'it', 'supplies', 'a', 'wide', 'range', 'of', 'chip', 'developers', 'worldwide', 'including', 'apple', 'huawei', 'technologies', 'qualcomm', 'google', 'nvidia', 'qualcomm', 'sony', 'and', 'advanced', 'micro', 'devices']","['whatever', 'export', 'controls', 'coming', 'think', '5g', 'momentum', 'continue', 'interruption', 'short', 'term', 'mark', 'liu', 'chairman', 'tsmc', 'told', 'investors', 'reporters', 'taipei', 'tsmc', 'forecast', 'foundry', 'industry', 'would', 'grow', '17', 'year', 'would', 'outperform', 'several', 'percentage', 'points', 'meet', 'forecast', 'growth', 'demand', 'tsmc', 'raised', 'planned', 'capital', 'spending', 'record', '1516', 'billion', '2020', 'versus', '149', 'billion', 'last', 'year', '2019', 'tsmc', 'sales', 'reached', 'record', 'nt106', 'trillion', '37', 'year', 'net', 'income', 'dropped', '16', 'nt34526', 'billion', 'due', 'sharp', 'slowdown', 'first', 'half', '2019', 'tsmc', 'serves', 'barometer', 'global', 'electronics', 'demand', 'supplies', 'wide', 'range', 'chip', 'developers', 'worldwide', 'including', 'apple', 'huawei', 'technologies', 'qualcomm', 'google', 'nvidia', 'qualcomm', 'sony', 'advanced', 'micro', 'devices']","['whatev', 'export', 'control', 'come', 'think', '5g', 'momentum', 'continu', 'interrupt', 'short', 'term', 'mark', 'liu', 'chairman', 'tsmc', 'told', 'investor', 'report', 'taipei', 'tsmc', 'forecast', 'foundri', 'industri', 'would', 'grow', '17', 'year', 'would', 'outperform', 'sever', 'percentag', 'point', 'meet', 'forecast', 'growth', 'demand', 'tsmc', 'rais', 'plan', 'capit', 'spend', 'record', '1516', 'billion', '2020', 'versu', '149', 'billion', 'last', 'year', '2019', 'tsmc', 'sale', 'reach', 'record', 'nt106', 'trillion', '37', 'year', 'net', 'incom', 'drop', '16', 'nt34526', 'billion', 'due', 'sharp', 'slowdown', 'first', 'half', '2019', 'tsmc', 'serv', 'baromet', 'global', 'electron', 'demand', 'suppli', 'wide', 'rang', 'chip', 'develop', 'worldwid', 'includ', 'appl', 'huawei', 'technolog', 'qualcomm', 'googl', 'nvidia', 'qualcomm', 'soni', 'advanc', 'micro', 'devic']","['whatever', 'export', 'control', 'coming', 'think', '5g', 'momentum', 'continue', 'interruption', 'short', 'term', 'mark', 'liu', 'chairman', 'tsmc', 'told', 'investor', 'reporter', 'taipei', 'tsmc', 'forecast', 'foundry', 'industry', 'would', 'grow', '17', 'year', 'would', 'outperform', 'several', 'percentage', 'point', 'meet', 'forecast', 'growth', 'demand', 'tsmc', 'raised', 'planned', 'capital', 'spending', 'record', '1516', 'billion', '2020', 'versus', '149', 'billion', 'last', 'year', '2019', 'tsmc', 'sale', 'reached', 'record', 'nt106', 'trillion', '37', 'year', 'net', 'income', 'dropped', '16', 'nt34526', 'billion', 'due', 'sharp', 'slowdown', 'first', 'half', '2019', 'tsmc', 'serf', 'barometer', 'global', 'electronics', 'demand', 'supply', 'wide', 'range', 'chip', 'developer', 'worldwide', 'including', 'apple', 'huawei', 'technology', 'qualcomm', 'google', 'nvidia', 'qualcomm', 'sony', 'advanced', 'micro', 'device']"
2,"WASHINGTON — Among the corporate titans recognized last week by President Trump during a White House signing ceremony for his China trade deal was Sanjay Mehrotra, the chief executive of Micron Technology, whose Idaho semiconductor company is at the heart of Mr. Trump’s trade war.
Micron, which makes memory chips for computers and smartphones, is precisely the kind of advanced technology company that the Trump administration views as crucial to maintaining a competitive edge over China.
But that two-year conflagration may wind up being more damaging to American technology companies.
The initial trade deal announced last week should make operating in China easier for companies like Micron.
The deal contains provisions meant to protect American technology and trade secrets and allow companies to challenge China on accusations of theft, including older cases like Micron’s that precede the agreement","WASHINGTON — Among the corporate titans recognized last week by President Trump during a White House signing ceremony for his China trade deal was Sanjay Mehrotra the chief executive of Micron Technology whose Idaho semiconductor company is at the heart of Mr Trump’s trade war
Micron which makes memory chips for computers and smartphones is precisely the kind of advanced technology company that the Trump administration views as crucial to maintaining a competitive edge over China
But that twoyear conflagration may wind up being more damaging to American technology companies
The initial trade deal announced last week should make operating in China easier for companies like Micron
The deal contains provisions meant to protect American technology and trade secrets and allow companies to challenge China on accusations of theft including older cases like Micron’s that precede the agreement","['washington', 'among', 'the', 'corporate', 'titans', 'recognized', 'last', 'week', 'by', 'president', 'trump', 'during', 'a', 'white', 'house', 'signing', 'ceremony', 'for', 'his', 'china', 'trade', 'deal', 'was', 'sanjay', 'mehrotra', 'the', 'chief', 'executive', 'of', 'micron', 'technology', 'whose', 'idaho', 'semiconductor', 'company', 'is', 'at', 'the', 'heart', 'of', 'mr', 'trump', 's', 'trade', 'war', 'micron', 'which', 'makes', 'memory', 'chips', 'for', 'computers', 'and', 'smartphones', 'is', 'precisely', 'the', 'kind', 'of', 'advanced', 'technology', 'company', 'that', 'the', 'trump', 'administration', 'views', 'as', 'crucial', 'to', 'maintaining', 'a', 'competitive', 'edge', 'over', 'china', 'but', 'that', 'twoyear', 'conflagration', 'may', 'wind', 'up', 'being', 'more', 'damaging', 'to', 'american', 'technology', 'companies', 'the', 'initial', 'trade', 'deal', 'announced', 'last', 'week', 'should', 'make', 'operating', 'in', 'china', 'easier', 'for', 'companies', 'like', 'micron', 'the', 'deal', 'contains', 'provisions', 'meant', 'to', 'protect', 'american', 'technology', 'and', 'trade', 'secrets', 'and', 'allow', 'companies', 'to', 'challenge', 'china', 'on', 'accusations', 'of', 'theft', 'including', 'older', 'cases', 'like', 'micron', 's', 'that', 'precede', 'the', 'agreement']","['washington', 'among', 'corporate', 'titans', 'recognized', 'last', 'week', 'president', 'trump', 'white', 'house', 'signing', 'ceremony', 'china', 'trade', 'deal', 'sanjay', 'mehrotra', 'chief', 'executive', 'micron', 'technology', 'whose', 'idaho', 'semiconductor', 'company', 'heart', 'mr', 'trump', 'trade', 'war', 'micron', 'makes', 'memory', 'chips', 'computers', 'smartphones', 'precisely', 'kind', 'advanced', 'technology', 'company', 'trump', 'administration', 'views', 'crucial', 'maintaining', 'competitive', 'edge', 'china', 'twoyear', 'conflagration', 'may', 'wind', 'damaging', 'american', 'technology', 'companies', 'initial', 'trade', 'deal', 'announced', 'last', 'week', 'make', 'operating', 'china', 'easier', 'companies', 'like', 'micron', 'deal', 'contains', 'provisions', 'meant', 'protect', 'american', 'technology', 'trade', 'secrets', 'allow', 'companies', 'challenge', 'china', 'accusations', 'theft', 'including', 'older', 'cases', 'like', 'micron', 'precede', 'agreement']","['washington', 'among', 'corpor', 'titan', 'recogn', 'last', 'week', 'presid', 'trump', 'white', 'hous', 'sign', 'ceremoni', 'china', 'trade', 'deal', 'sanjay', 'mehrotra', 'chief', 'execut', 'micron', 'technolog', 'whose', 'idaho', 'semiconductor', 'compani', 'heart', 'mr', 'trump', 'trade', 'war', 'micron', 'make', 'memori', 'chip', 'comput', 'smartphon', 'precis', 'kind', 'advanc', 'technolog', 'compani', 'trump', 'administr', 'view', 'crucial', 'maintain', 'competit', 'edg', 'china', 'twoyear', 'conflagr', 'may', 'wind', 'damag', 'american', 'technolog', 'compani', 'initi', 'trade', 'deal', 'announc', 'last', 'week', 'make', 'oper', 'china', 'easier', 'compani', 'like', 'micron', 'deal', 'contain', 'provis', 'meant', 'protect', 'american', 'technolog', 'trade', 'secret', 'allow', 'compani', 'challeng', 'china', 'accus', 'theft', 'includ', 'older', 'case', 'like', 'micron', 'preced', 'agreement']","['washington', 'among', 'corporate', 'titan', 'recognized', 'last', 'week', 'president', 'trump', 'white', 'house', 'signing', 'ceremony', 'china', 'trade', 'deal', 'sanjay', 'mehrotra', 'chief', 'executive', 'micron', 'technology', 'whose', 'idaho', 'semiconductor', 'company', 'heart', 'mr', 'trump', 'trade', 'war', 'micron', 'make', 'memory', 'chip', 'computer', 'smartphones', 'precisely', 'kind', 'advanced', 'technology', 'company', 'trump', 'administration', 'view', 'crucial', 'maintaining', 'competitive', 'edge', 'china', 'twoyear', 'conflagration', 'may', 'wind', 'damaging', 'american', 'technology', 'company', 'initial', 'trade', 'deal', 'announced', 'last', 'week', 'make', 'operating', 'china', 'easier', 'company', 'like', 'micron', 'deal', 'contains', 'provision', 'meant', 'protect', 'american', 'technology', 'trade', 'secret', 'allow', 'company', 'challenge', 'china', 'accusation', 'theft', 'including', 'older', 'case', 'like', 'micron', 'precede', 'agreement']"
3,"CHICAGO--(BUSINESS WIRE)--AKHAN Semiconductor, a technology company specializing in the fabrication and application of lab-grown, electronic-grade diamonds, announced today that it has been issued a patent by the United States Patent Office (USPTO).
The patent covers AKHAN’s new and improved system and method for fabricating monolithically integrated diamond semiconductors.
It is the Company’s seventh patent issued in the U.S. and is generally related to semiconductor fabrication methods, and more particularly to a method of fabricating diamond semiconductors.
AKHAN’s newest patent discloses a new and improved system and method for fabricating diamond semiconductors.
It includes the steps of seeding the surface of a substrate material, forming a diamond layer upon the surface of the substrate material, and forming a semiconductor layer within the diamond layer, wherein the diamond semiconductor of the semiconductor layer has n-type donor atoms and a diamond lattice","CHICAGOBUSINESS WIREAKHAN Semiconductor a technology company specializing in the fabrication and application of labgrown electronicgrade diamonds announced today that it has been issued a patent by the United States Patent Office USPTO
The patent covers AKHAN’s new and improved system and method for fabricating monolithically integrated diamond semiconductors
It is the Company’s seventh patent issued in the US and is generally related to semiconductor fabrication methods and more particularly to a method of fabricating diamond semiconductors
AKHAN’s newest patent discloses a new and improved system and method for fabricating diamond semiconductors
It includes the steps of seeding the surface of a substrate material forming a diamond layer upon the surface of the substrate material and forming a semiconductor layer within the diamond layer wherein the diamond semiconductor of the semiconductor layer has ntype donor atoms and a diamond lattice","['chicagobusiness', 'wireakhan', 'semiconductor', 'a', 'technology', 'company', 'specializing', 'in', 'the', 'fabrication', 'and', 'application', 'of', 'labgrown', 'electronicgrade', 'diamonds', 'announced', 'today', 'that', 'it', 'has', 'been', 'issued', 'a', 'patent', 'by', 'the', 'united', 'states', 'patent', 'office', 'uspto', 'the', 'patent', 'covers', 'akhan', 's', 'new', 'and', 'improved', 'system', 'and', 'method', 'for', 'fabricating', 'monolithically', 'integrated', 'diamond', 'semiconductors', 'it', 'is', 'the', 'company', 's', 'seventh', 'patent', 'issued', 'in', 'the', 'us', 'and', 'is', 'generally', 'related', 'to', 'semiconductor', 'fabrication', 'methods', 'and', 'more', 'particularly', 'to', 'a', 'method', 'of', 'fabricating', 'diamond', 'semiconductors', 'akhan', 's', 'newest', 'patent', 'discloses', 'a', 'new', 'and', 'improved', 'system', 'and', 'method', 'for', 'fabricating', 'diamond', 'semiconductors', 'it', 'includes', 'the', 'steps', 'of', 'seeding', 'the', 'surface', 'of', 'a', 'substrate', 'material', 'forming', 'a', 'diamond', 'layer', 'upon', 'the', 'surface', 'of', 'the', 'substrate', 'material', 'and', 'forming', 'a', 'semiconductor', 'layer', 'within', 'the', 'diamond', 'layer', 'wherein', 'the', 'diamond', 'semiconductor', 'of', 'the', 'semiconductor', 'layer', 'has', 'ntype', 'donor', 'atoms', 'and', 'a', 'diamond', 'lattice']","['chicagobusiness', 'wireakhan', 'semiconductor', 'technology', 'company', 'specializing', 'fabrication', 'application', 'labgrown', 'electronicgrade', 'diamonds', 'announced', 'today', 'issued', 'patent', 'united', 'states', 'patent', 'office', 'uspto', 'patent', 'covers', 'akhan', 'new', 'improved', 'system', 'method', 'fabricating', 'monolithically', 'integrated', 'diamond', 'semiconductors', 'company', 'seventh', 'patent', 'issued', 'us', 'generally', 'related', 'semiconductor', 'fabrication', 'methods', 'particularly', 'method', 'fabricating', 'diamond', 'semiconductors', 'akhan', 'newest', 'patent', 'discloses', 'new', 'improved', 'system', 'method', 'fabricating', 'diamond', 'semiconductors', 'includes', 'steps', 'seeding', 'surface', 'substrate', 'material', 'forming', 'diamond', 'layer', 'upon', 'surface', 'substrate', 'material', 'forming', 'semiconductor', 'layer', 'within', 'diamond', 'layer', 'wherein', 'diamond', 'semiconductor', 'semiconductor', 'layer', 'ntype', 'donor', 'atoms', 'diamond', 'lattice']","['chicagobusi', 'wireakhan', 'semiconductor', 'technolog', 'compani', 'special', 'fabric', 'applic', 'labgrown', 'electronicgrad', 'diamond', 'announc', 'today', 'issu', 'patent', 'unit', 'state', 'patent', 'offic', 'uspto', 'patent', 'cover', 'akhan', 'new', 'improv', 'system', 'method', 'fabric', 'monolith', 'integr', 'diamond', 'semiconductor', 'compani', 'seventh', 'patent', 'issu', 'us', 'gener', 'relat', 'semiconductor', 'fabric', 'method', 'particularli', 'method', 'fabric', 'diamond', 'semiconductor', 'akhan', 'newest', 'patent', 'disclos', 'new', 'improv', 'system', 'method', 'fabric', 'diamond', 'semiconductor', 'includ', 'step', 'seed', 'surfac', 'substrat', 'materi', 'form', 'diamond', 'layer', 'upon', 'surfac', 'substrat', 'materi', 'form', 'semiconductor', 'layer', 'within', 'diamond', 'layer', 'wherein', 'diamond', 'semiconductor', 'semiconductor', 'layer', 'ntype', 'donor', 'atom', 'diamond', 'lattic']","['chicagobusiness', 'wireakhan', 'semiconductor', 'technology', 'company', 'specializing', 'fabrication', 'application', 'labgrown', 'electronicgrade', 'diamond', 'announced', 'today', 'issued', 'patent', 'united', 'state', 'patent', 'office', 'uspto', 'patent', 'cover', 'akhan', 'new', 'improved', 'system', 'method', 'fabricating', 'monolithically', 'integrated', 'diamond', 'semiconductor', 'company', 'seventh', 'patent', 'issued', 'u', 'generally', 'related', 'semiconductor', 'fabrication', 'method', 'particularly', 'method', 'fabricating', 'diamond', 'semiconductor', 'akhan', 'newest', 'patent', 'discloses', 'new', 'improved', 'system', 'method', 'fabricating', 'diamond', 'semiconductor', 'includes', 'step', 'seeding', 'surface', 'substrate', 'material', 'forming', 'diamond', 'layer', 'upon', 'surface', 'substrate', 'material', 'forming', 'semiconductor', 'layer', 'within', 'diamond', 'layer', 'wherein', 'diamond', 'semiconductor', 'semiconductor', 'layer', 'ntype', 'donor', 'atom', 'diamond', 'lattice']"
4,"Which company’s stock will benefit the most as China attempts to reduce the U.S.’s dominance in semiconductors?
Read:Taiwan Semi boosted its capex budget — that’s good news for chip stocksChartPlease click here for an annotated chart of Applied Materials US:AMAT.
• There is a potential for Applied Materials sales in China to significantly increase over the coming years.
• The chart shows that Applied Materials stock has been in a steady uptrend.
Here are additional semiconductor stocks in the Arora Report portfolio that will benefit","Which company’s stock will benefit the most as China attempts to reduce the US’s dominance in semiconductors
ReadTaiwan Semi boosted its capex budget — that’s good news for chip stocksChartPlease click here for an annotated chart of Applied Materials USAMAT
• There is a potential for Applied Materials sales in China to significantly increase over the coming years
• The chart shows that Applied Materials stock has been in a steady uptrend
Here are additional semiconductor stocks in the Arora Report portfolio that will benefit","['which', 'company', 's', 'stock', 'will', 'benefit', 'the', 'most', 'as', 'china', 'attempts', 'to', 'reduce', 'the', 'us', 's', 'dominance', 'in', 'semiconductors', 'readtaiwan', 'semi', 'boosted', 'its', 'capex', 'budget', 'that', 's', 'good', 'news', 'for', 'chip', 'stockschartplease', 'click', 'here', 'for', 'an', 'annotated', 'chart', 'of', 'applied', 'materials', 'usamat', 'there', 'is', 'a', 'potential', 'for', 'applied', 'materials', 'sales', 'in', 'china', 'to', 'significantly', 'increase', 'over', 'the', 'coming', 'years', 'the', 'chart', 'shows', 'that', 'applied', 'materials', 'stock', 'has', 'been', 'in', 'a', 'steady', 'uptrend', 'here', 'are', 'additional', 'semiconductor', 'stocks', 'in', 'the', 'arora', 'report', 'portfolio', 'that', 'will', 'benefit']","['company', 'stock', 'benefit', 'china', 'attempts', 'reduce', 'us', 'dominance', 'semiconductors', 'readtaiwan', 'semi', 'boosted', 'capex', 'budget', 'good', 'news', 'chip', 'stockschartplease', 'click', 'annotated', 'chart', 'applied', 'materials', 'usamat', 'potential', 'applied', 'materials', 'sales', 'china', 'significantly', 'increase', 'coming', 'years', 'chart', 'shows', 'applied', 'materials', 'stock', 'steady', 'uptrend', 'additional', 'semiconductor', 'stocks', 'arora', 'report', 'portfolio', 'benefit']","['compani', 'stock', 'benefit', 'china', 'attempt', 'reduc', 'us', 'domin', 'semiconductor', 'readtaiwan', 'semi', 'boost', 'capex', 'budget', 'good', 'news', 'chip', 'stockschartpleas', 'click', 'annot', 'chart', 'appli', 'materi', 'usamat', 'potenti', 'appli', 'materi', 'sale', 'china', 'significantli', 'increas', 'come', 'year', 'chart', 'show', 'appli', 'materi', 'stock', 'steadi', 'uptrend', 'addit', 'semiconductor', 'stock', 'arora', 'report', 'portfolio', 'benefit']","['company', 'stock', 'benefit', 'china', 'attempt', 'reduce', 'u', 'dominance', 'semiconductor', 'readtaiwan', 'semi', 'boosted', 'capex', 'budget', 'good', 'news', 'chip', 'stockschartplease', 'click', 'annotated', 'chart', 'applied', 'material', 'usamat', 'potential', 'applied', 'material', 'sale', 'china', 'significantly', 'increase', 'coming', 'year', 'chart', 'show', 'applied', 'material', 'stock', 'steady', 'uptrend', 'additional', 'semiconductor', 'stock', 'arora', 'report', 'portfolio', 'benefit']"
5,"Over the following months, U.S officials examined whether they could block the sale outright and held at least four rounds of talks with Dutch officials, three sources told Reuters.
With no way to block the sale directly, the Trump administration pressed its Dutch ally to consider the security issues.
Six weeks later, during his visit to the White House, Rutte was given a copy of the intelligence report.
Reuters could not determine whether U.S. President Donald Trump mentioned the ASML deal to Rutte during the White House meeting.
With or without the EUV license, ASML expects its Chinese sales to increase in 2020 as it continues to ship earlier-generation equipment","Over the following months US officials examined whether they could block the sale outright and held at least four rounds of talks with Dutch officials three sources told Reuters
With no way to block the sale directly the Trump administration pressed its Dutch ally to consider the security issues
Six weeks later during his visit to the White House Rutte was given a copy of the intelligence report
Reuters could not determine whether US President Donald Trump mentioned the ASML deal to Rutte during the White House meeting
With or without the EUV license ASML expects its Chinese sales to increase in 2020 as it continues to ship earliergeneration equipment","['over', 'the', 'following', 'months', 'us', 'officials', 'examined', 'whether', 'they', 'could', 'block', 'the', 'sale', 'outright', 'and', 'held', 'at', 'least', 'four', 'rounds', 'of', 'talks', 'with', 'dutch', 'officials', 'three', 'sources', 'told', 'reuters', 'with', 'no', 'way', 'to', 'block', 'the', 'sale', 'directly', 'the', 'trump', 'administration', 'pressed', 'its', 'dutch', 'ally', 'to', 'consider', 'the', 'security', 'issues', 'six', 'weeks', 'later', 'during', 'his', 'visit', 'to', 'the', 'white', 'house', 'rutte', 'was', 'given', 'a', 'copy', 'of', 'the', 'intelligence', 'report', 'reuters', 'could', 'not', 'determine', 'whether', 'us', 'president', 'donald', 'trump', 'mentioned', 'the', 'asml', 'deal', 'to', 'rutte', 'during', 'the', 'white', 'house', 'meeting', 'with', 'or', 'without', 'the', 'euv', 'license', 'asml', 'expects', 'its', 'chinese', 'sales', 'to', 'increase', 'in', '2020', 'as', 'it', 'continues', 'to', 'ship', 'earliergeneration', 'equipment']","['following', 'months', 'us', 'officials', 'examined', 'whether', 'could', 'block', 'sale', 'outright', 'held', 'least', 'four', 'rounds', 'talks', 'dutch', 'officials', 'three', 'sources', 'told', 'reuters', 'way', 'block', 'sale', 'directly', 'trump', 'administration', 'pressed', 'dutch', 'ally', 'consider', 'security', 'issues', 'six', 'weeks', 'later', 'visit', 'white', 'house', 'rutte', 'given', 'copy', 'intelligence', 'report', 'reuters', 'could', 'determine', 'whether', 'us', 'president', 'donald', 'trump', 'mentioned', 'asml', 'deal', 'rutte', 'white', 'house', 'meeting', 'without', 'euv', 'license', 'asml', 'expects', 'chinese', 'sales', 'increase', '2020', 'continues', 'ship', 'earliergeneration', 'equipment']","['follow', 'month', 'us', 'offici', 'examin', 'whether', 'could', 'block', 'sale', 'outright', 'held', 'least', 'four', 'round', 'talk', 'dutch', 'offici', 'three', 'sourc', 'told', 'reuter', 'way', 'block', 'sale', 'directli', 'trump', 'administr', 'press', 'dutch', 'alli', 'consid', 'secur', 'issu', 'six', 'week', 'later', 'visit', 'white', 'hous', 'rutt', 'given', 'copi', 'intellig', 'report', 'reuter', 'could', 'determin', 'whether', 'us', 'presid', 'donald', 'trump', 'mention', 'asml', 'deal', 'rutt', 'white', 'hous', 'meet', 'without', 'euv', 'licens', 'asml', 'expect', 'chines', 'sale', 'increas', '2020', 'continu', 'ship', 'earliergener', 'equip']","['following', 'month', 'u', 'official', 'examined', 'whether', 'could', 'block', 'sale', 'outright', 'held', 'least', 'four', 'round', 'talk', 'dutch', 'official', 'three', 'source', 'told', 'reuters', 'way', 'block', 'sale', 'directly', 'trump', 'administration', 'pressed', 'dutch', 'ally', 'consider', 'security', 'issue', 'six', 'week', 'later', 'visit', 'white', 'house', 'rutte', 'given', 'copy', 'intelligence', 'report', 'reuters', 'could', 'determine', 'whether', 'u', 'president', 'donald', 'trump', 'mentioned', 'asml', 'deal', 'rutte', 'white', 'house', 'meeting', 'without', 'euv', 'license', 'asml', 'expects', 'chinese', 'sale', 'increase', '2020', 'continues', 'ship', 'earliergeneration', 'equipment']"
6,"The key to these coded messages is the semiconductor industry.
When it turns down, it is a sign of trouble ahead in the world economy.
When demand picks up again, as it did late last year, stocks are drawn down and prices begin to stabilise.
What drives growth in demand now is cloud computing, electrification of cars, wearable gadgetry and gaming, says Shawn Kim of Morgan Stanley.
As firms ramp up capital spending of all kinds, that in turn spurs investment in cloud capacity, where business-related software lives","The key to these coded messages is the semiconductor industry
When it turns down it is a sign of trouble ahead in the world economy
When demand picks up again as it did late last year stocks are drawn down and prices begin to stabilise
What drives growth in demand now is cloud computing electrification of cars wearable gadgetry and gaming says Shawn Kim of Morgan Stanley
As firms ramp up capital spending of all kinds that in turn spurs investment in cloud capacity where businessrelated software lives","['the', 'key', 'to', 'these', 'coded', 'messages', 'is', 'the', 'semiconductor', 'industry', 'when', 'it', 'turns', 'down', 'it', 'is', 'a', 'sign', 'of', 'trouble', 'ahead', 'in', 'the', 'world', 'economy', 'when', 'demand', 'picks', 'up', 'again', 'as', 'it', 'did', 'late', 'last', 'year', 'stocks', 'are', 'drawn', 'down', 'and', 'prices', 'begin', 'to', 'stabilise', 'what', 'drives', 'growth', 'in', 'demand', 'now', 'is', 'cloud', 'computing', 'electrification', 'of', 'cars', 'wearable', 'gadgetry', 'and', 'gaming', 'says', 'shawn', 'kim', 'of', 'morgan', 'stanley', 'as', 'firms', 'ramp', 'up', 'capital', 'spending', 'of', 'all', 'kinds', 'that', 'in', 'turn', 'spurs', 'investment', 'in', 'cloud', 'capacity', 'where', 'businessrelated', 'software', 'lives']","['key', 'coded', 'messages', 'semiconductor', 'industry', 'turns', 'sign', 'trouble', 'ahead', 'world', 'economy', 'demand', 'picks', 'late', 'last', 'year', 'stocks', 'drawn', 'prices', 'begin', 'stabilise', 'drives', 'growth', 'demand', 'cloud', 'computing', 'electrification', 'cars', 'wearable', 'gadgetry', 'gaming', 'says', 'shawn', 'kim', 'morgan', 'stanley', 'firms', 'ramp', 'capital', 'spending', 'kinds', 'turn', 'spurs', 'investment', 'cloud', 'capacity', 'businessrelated', 'software', 'lives']","['key', 'code', 'messag', 'semiconductor', 'industri', 'turn', 'sign', 'troubl', 'ahead', 'world', 'economi', 'demand', 'pick', 'late', 'last', 'year', 'stock', 'drawn', 'price', 'begin', 'stabilis', 'drive', 'growth', 'demand', 'cloud', 'comput', 'electrif', 'car', 'wearabl', 'gadgetri', 'game', 'say', 'shawn', 'kim', 'morgan', 'stanley', 'firm', 'ramp', 'capit', 'spend', 'kind', 'turn', 'spur', 'invest', 'cloud', 'capac', 'businessrel', 'softwar', 'live']","['key', 'coded', 'message', 'semiconductor', 'industry', 'turn', 'sign', 'trouble', 'ahead', 'world', 'economy', 'demand', 'pick', 'late', 'last', 'year', 'stock', 'drawn', 'price', 'begin', 'stabilise', 'drive', 'growth', 'demand', 'cloud', 'computing', 'electrification', 'car', 'wearable', 'gadgetry', 'gaming', 'say', 'shawn', 'kim', 'morgan', 'stanley', 'firm', 'ramp', 'capital', 'spending', 'kind', 'turn', 'spur', 'investment', 'cloud', 'capacity', 'businessrelated', 'software', 'life']"
7,"Dallas-based Texas Instruments will close two North Texas semiconductor plants over the next three to five years, the company said Wednesday in an earnings call.
Texas Instruments said it plans to transfer many of the workers to other Dallas-area manufacturing sites.
Texas Instruments has 14 manufacturing sites around the world, including some with multiple factories.
On Wednesday, Texas Instruments topped Wall Street expectations and indicated electronics makers’ purchases are on the rebound after U.S.-China trade uncertainty.
Texas Instruments shares have risen roughly 4% since the beginning of the year, while the Standard & Poor’s 500 index has climbed nearly 3%","Dallasbased Texas Instruments will close two North Texas semiconductor plants over the next three to five years the company said Wednesday in an earnings call
Texas Instruments said it plans to transfer many of the workers to other Dallasarea manufacturing sites
Texas Instruments has 14 manufacturing sites around the world including some with multiple factories
On Wednesday Texas Instruments topped Wall Street expectations and indicated electronics makers’ purchases are on the rebound after USChina trade uncertainty
Texas Instruments shares have risen roughly 4 since the beginning of the year while the Standard  Poor’s 500 index has climbed nearly 3","['dallasbased', 'texas', 'instruments', 'will', 'close', 'two', 'north', 'texas', 'semiconductor', 'plants', 'over', 'the', 'next', 'three', 'to', 'five', 'years', 'the', 'company', 'said', 'wednesday', 'in', 'an', 'earnings', 'call', 'texas', 'instruments', 'said', 'it', 'plans', 'to', 'transfer', 'many', 'of', 'the', 'workers', 'to', 'other', 'dallasarea', 'manufacturing', 'sites', 'texas', 'instruments', 'has', '14', 'manufacturing', 'sites', 'around', 'the', 'world', 'including', 'some', 'with', 'multiple', 'factories', 'on', 'wednesday', 'texas', 'instruments', 'topped', 'wall', 'street', 'expectations', 'and', 'indicated', 'electronics', 'makers', 'purchases', 'are', 'on', 'the', 'rebound', 'after', 'uschina', 'trade', 'uncertainty', 'texas', 'instruments', 'shares', 'have', 'risen', 'roughly', '4', 'since', 'the', 'beginning', 'of', 'the', 'year', 'while', 'the', 'standard', 'poor', 's', '500', 'index', 'has', 'climbed', 'nearly', '3']","['dallasbased', 'texas', 'instruments', 'close', 'two', 'north', 'texas', 'semiconductor', 'plants', 'next', 'three', 'five', 'years', 'company', 'said', 'wednesday', 'earnings', 'call', 'texas', 'instruments', 'said', 'plans', 'transfer', 'many', 'workers', 'dallasarea', 'manufacturing', 'sites', 'texas', 'instruments', '14', 'manufacturing', 'sites', 'around', 'world', 'including', 'multiple', 'factories', 'wednesday', 'texas', 'instruments', 'topped', 'wall', 'street', 'expectations', 'indicated', 'electronics', 'makers', 'purchases', 'rebound', 'uschina', 'trade', 'uncertainty', 'texas', 'instruments', 'shares', 'risen', 'roughly', '4', 'since', 'beginning', 'year', 'standard', 'poor', '500', 'index', 'climbed', 'nearly', '3']","['dallasbas', 'texa', 'instrument', 'close', 'two', 'north', 'texa', 'semiconductor', 'plant', 'next', 'three', 'five', 'year', 'compani', 'said', 'wednesday', 'earn', 'call', 'texa', 'instrument', 'said', 'plan', 'transfer', 'mani', 'worker', 'dallasarea', 'manufactur', 'site', 'texa', 'instrument', '14', 'manufactur', 'site', 'around', 'world', 'includ', 'multipl', 'factori', 'wednesday', 'texa', 'instrument', 'top', 'wall', 'street', 'expect', 'indic', 'electron', 'maker', 'purchas', 'rebound', 'uschina', 'trade', 'uncertainti', 'texa', 'instrument', 'share', 'risen', 'roughli', '4', 'sinc', 'begin', 'year', 'standard', 'poor', '500', 'index', 'climb', 'nearli', '3']","['dallasbased', 'texas', 'instrument', 'close', 'two', 'north', 'texas', 'semiconductor', 'plant', 'next', 'three', 'five', 'year', 'company', 'said', 'wednesday', 'earnings', 'call', 'texas', 'instrument', 'said', 'plan', 'transfer', 'many', 'worker', 'dallasarea', 'manufacturing', 'site', 'texas', 'instrument', '14', 'manufacturing', 'site', 'around', 'world', 'including', 'multiple', 'factory', 'wednesday', 'texas', 'instrument', 'topped', 'wall', 'street', 'expectation', 'indicated', 'electronics', 'maker', 'purchase', 'rebound', 'uschina', 'trade', 'uncertainty', 'texas', 'instrument', 'share', 'risen', 'roughly', '4', 'since', 'beginning', 'year', 'standard', 'poor', '500', 'index', 'climbed', 'nearly', '3']"
8,"For many policymakers in Beijing, the inevitable trend is towards more decoupling of the two countries’ tech supply chains.
For all the accusations China has faced about stealing other countries’ technology, Beijing is now embracing international open-source, or free to use, collaborations.
But within China, these justifications are seen as excuses for a broader agenda: preventing the rise of China as a challenger to the US as a tech superpower.
The officials say their concern is not limited to a few tech companies, but that all Chinese companies could be seen as threats because they are potentially subject to the ruling Communist party’s control.
The ministry of industry and information technology, China’s tech industry regulator, has recently encouraged Microsoft’s GitHub, the world’s biggest code-sharing platform and host of open-source collaborations, to expand in China","For many policymakers in Beijing the inevitable trend is towards more decoupling of the two countries’ tech supply chains
For all the accusations China has faced about stealing other countries’ technology Beijing is now embracing international opensource or free to use collaborations
But within China these justifications are seen as excuses for a broader agenda preventing the rise of China as a challenger to the US as a tech superpower
The officials say their concern is not limited to a few tech companies but that all Chinese companies could be seen as threats because they are potentially subject to the ruling Communist party’s control
The ministry of industry and information technology China’s tech industry regulator has recently encouraged Microsoft’s GitHub the world’s biggest codesharing platform and host of opensource collaborations to expand in China","['for', 'many', 'policymakers', 'in', 'beijing', 'the', 'inevitable', 'trend', 'is', 'towards', 'more', 'decoupling', 'of', 'the', 'two', 'countries', 'tech', 'supply', 'chains', 'for', 'all', 'the', 'accusations', 'china', 'has', 'faced', 'about', 'stealing', 'other', 'countries', 'technology', 'beijing', 'is', 'now', 'embracing', 'international', 'opensource', 'or', 'free', 'to', 'use', 'collaborations', 'but', 'within', 'china', 'these', 'justifications', 'are', 'seen', 'as', 'excuses', 'for', 'a', 'broader', 'agenda', 'preventing', 'the', 'rise', 'of', 'china', 'as', 'a', 'challenger', 'to', 'the', 'us', 'as', 'a', 'tech', 'superpower', 'the', 'officials', 'say', 'their', 'concern', 'is', 'not', 'limited', 'to', 'a', 'few', 'tech', 'companies', 'but', 'that', 'all', 'chinese', 'companies', 'could', 'be', 'seen', 'as', 'threats', 'because', 'they', 'are', 'potentially', 'subject', 'to', 'the', 'ruling', 'communist', 'party', 's', 'control', 'the', 'ministry', 'of', 'industry', 'and', 'information', 'technology', 'china', 's', 'tech', 'industry', 'regulator', 'has', 'recently', 'encouraged', 'microsoft', 's', 'github', 'the', 'world', 's', 'biggest', 'codesharing', 'platform', 'and', 'host', 'of', 'opensource', 'collaborations', 'to', 'expand', 'in', 'china']","['many', 'policymakers', 'beijing', 'inevitable', 'trend', 'towards', 'decoupling', 'two', 'countries', 'tech', 'supply', 'chains', 'accusations', 'china', 'faced', 'stealing', 'countries', 'technology', 'beijing', 'embracing', 'international', 'opensource', 'free', 'use', 'collaborations', 'within', 'china', 'justifications', 'seen', 'excuses', 'broader', 'agenda', 'preventing', 'rise', 'china', 'challenger', 'us', 'tech', 'superpower', 'officials', 'say', 'concern', 'limited', 'tech', 'companies', 'chinese', 'companies', 'could', 'seen', 'threats', 'potentially', 'subject', 'ruling', 'communist', 'party', 'control', 'ministry', 'industry', 'information', 'technology', 'china', 'tech', 'industry', 'regulator', 'recently', 'encouraged', 'microsoft', 'github', 'world', 'biggest', 'codesharing', 'platform', 'host', 'opensource', 'collaborations', 'expand', 'china']","['mani', 'policymak', 'beij', 'inevit', 'trend', 'toward', 'decoupl', 'two', 'countri', 'tech', 'suppli', 'chain', 'accus', 'china', 'face', 'steal', 'countri', 'technolog', 'beij', 'embrac', 'intern', 'opensourc', 'free', 'use', 'collabor', 'within', 'china', 'justif', 'seen', 'excus', 'broader', 'agenda', 'prevent', 'rise', 'china', 'challeng', 'us', 'tech', 'superpow', 'offici', 'say', 'concern', 'limit', 'tech', 'compani', 'chines', 'compani', 'could', 'seen', 'threat', 'potenti', 'subject', 'rule', 'communist', 'parti', 'control', 'ministri', 'industri', 'inform', 'technolog', 'china', 'tech', 'industri', 'regul', 'recent', 'encourag', 'microsoft', 'github', 'world', 'biggest', 'codeshar', 'platform', 'host', 'opensourc', 'collabor', 'expand', 'china']","['many', 'policymakers', 'beijing', 'inevitable', 'trend', 'towards', 'decoupling', 'two', 'country', 'tech', 'supply', 'chain', 'accusation', 'china', 'faced', 'stealing', 'country', 'technology', 'beijing', 'embracing', 'international', 'opensource', 'free', 'use', 'collaboration', 'within', 'china', 'justification', 'seen', 'excuse', 'broader', 'agenda', 'preventing', 'rise', 'china', 'challenger', 'u', 'tech', 'superpower', 'official', 'say', 'concern', 'limited', 'tech', 'company', 'chinese', 'company', 'could', 'seen', 'threat', 'potentially', 'subject', 'ruling', 'communist', 'party', 'control', 'ministry', 'industry', 'information', 'technology', 'china', 'tech', 'industry', 'regulator', 'recently', 'encouraged', 'microsoft', 'github', 'world', 'biggest', 'codesharing', 'platform', 'host', 'opensource', 'collaboration', 'expand', 'china']"
9,"North America-based manufacturers of semiconductor equipment posted $2.49 billion in billings worldwide in December 2019.
This is according to the December Equipment Market Data Subscription Billings Report published today by SEMI.
It is also 17.8 percent higher than the December 2018 billings level of $2.11 billion.
Ajit Manocha, president and CEO of SEMI, says: “Monthly billings of North American equipment manufacturers reached a level not seen since June 2018.
“The December surge in equipment billings reaffirms the strength of leading-edge logic and foundry investments.”The SEMI Billings report uses three-month moving averages of worldwide billings for North American-based semiconductor equipment manufacturers","North Americabased manufacturers of semiconductor equipment posted 249 billion in billings worldwide in December 2019
This is according to the December Equipment Market Data Subscription Billings Report published today by SEMI
It is also 178 percent higher than the December 2018 billings level of 211 billion
Ajit Manocha president and CEO of SEMI says “Monthly billings of North American equipment manufacturers reached a level not seen since June 2018
“The December surge in equipment billings reaffirms the strength of leadingedge logic and foundry investments”The SEMI Billings report uses threemonth moving averages of worldwide billings for North Americanbased semiconductor equipment manufacturers","['north', 'americabased', 'manufacturers', 'of', 'semiconductor', 'equipment', 'posted', '249', 'billion', 'in', 'billings', 'worldwide', 'in', 'december', '2019', 'this', 'is', 'according', 'to', 'the', 'december', 'equipment', 'market', 'data', 'subscription', 'billings', 'report', 'published', 'today', 'by', 'semi', 'it', 'is', 'also', '178', 'percent', 'higher', 'than', 'the', 'december', '2018', 'billings', 'level', 'of', '211', 'billion', 'ajit', 'manocha', 'president', 'and', 'ceo', 'of', 'semi', 'says', 'monthly', 'billings', 'of', 'north', 'american', 'equipment', 'manufacturers', 'reached', 'a', 'level', 'not', 'seen', 'since', 'june', '2018', 'the', 'december', 'surge', 'in', 'equipment', 'billings', 'reaffirms', 'the', 'strength', 'of', 'leadingedge', 'logic', 'and', 'foundry', 'investments', 'the', 'semi', 'billings', 'report', 'uses', 'threemonth', 'moving', 'averages', 'of', 'worldwide', 'billings', 'for', 'north', 'americanbased', 'semiconductor', 'equipment', 'manufacturers']","['north', 'americabased', 'manufacturers', 'semiconductor', 'equipment', 'posted', '249', 'billion', 'billings', 'worldwide', 'december', '2019', 'according', 'december', 'equipment', 'market', 'data', 'subscription', 'billings', 'report', 'published', 'today', 'semi', 'also', '178', 'percent', 'higher', 'december', '2018', 'billings', 'level', '211', 'billion', 'ajit', 'manocha', 'president', 'ceo', 'semi', 'says', 'monthly', 'billings', 'north', 'american', 'equipment', 'manufacturers', 'reached', 'level', 'seen', 'since', 'june', '2018', 'december', 'surge', 'equipment', 'billings', 'reaffirms', 'strength', 'leadingedge', 'logic', 'foundry', 'investments', 'semi', 'billings', 'report', 'uses', 'threemonth', 'moving', 'averages', 'worldwide', 'billings', 'north', 'americanbased', 'semiconductor', 'equipment', 'manufacturers']","['north', 'americabas', 'manufactur', 'semiconductor', 'equip', 'post', '249', 'billion', 'bill', 'worldwid', 'decemb', '2019', 'accord', 'decemb', 'equip', 'market', 'data', 'subscript', 'bill', 'report', 'publish', 'today', 'semi', 'also', '178', 'percent', 'higher', 'decemb', '2018', 'bill', 'level', '211', 'billion', 'ajit', 'manocha', 'presid', 'ceo', 'semi', 'say', 'monthli', 'bill', 'north', 'american', 'equip', 'manufactur', 'reach', 'level', 'seen', 'sinc', 'june', '2018', 'decemb', 'surg', 'equip', 'bill', 'reaffirm', 'strength', 'leadingedg', 'logic', 'foundri', 'invest', 'semi', 'bill', 'report', 'use', 'threemonth', 'move', 'averag', 'worldwid', 'bill', 'north', 'americanbas', 'semiconductor', 'equip', 'manufactur']","['north', 'americabased', 'manufacturer', 'semiconductor', 'equipment', 'posted', '249', 'billion', 'billing', 'worldwide', 'december', '2019', 'according', 'december', 'equipment', 'market', 'data', 'subscription', 'billing', 'report', 'published', 'today', 'semi', 'also', '178', 'percent', 'higher', 'december', '2018', 'billing', 'level', '211', 'billion', 'ajit', 'manocha', 'president', 'ceo', 'semi', 'say', 'monthly', 'billing', 'north', 'american', 'equipment', 'manufacturer', 'reached', 'level', 'seen', 'since', 'june', '2018', 'december', 'surge', 'equipment', 'billing', 'reaffirms', 'strength', 'leadingedge', 'logic', 'foundry', 'investment', 'semi', 'billing', 'report', 'us', 'threemonth', 'moving', 'average', 'worldwide', 'billing', 'north', 'americanbased', 'semiconductor', 'equipment', 'manufacturer']"
10,"Chip stocks witnessed a strong rally in 2019, largely driven by investors’ optimism over a U.S.-China trade deal.
American Chip Design Tech is Paramount for China: Here’s WhyA major factor driving the importance of U.S. technology for China is the country’s reliance on specific American technologies for its supply chains.
Therefore, the functionality of China’s entire technology-intensive supply chains comes down to the operations in the American chip design tools industry.
Semiconductor Stocks at the ForefrontThis dependence on prominent U.S. chipmakers naturally brings semiconductor stocks to investors’ watch list.
4 Chip Stocks to Buy in 2020We have chosen four semiconductor stocks that are well positioned to gain this year from the aforementioned factors","Chip stocks witnessed a strong rally in 2019 largely driven by investors’ optimism over a USChina trade deal
American Chip Design Tech is Paramount for China Here’s WhyA major factor driving the importance of US technology for China is the country’s reliance on specific American technologies for its supply chains
Therefore the functionality of China’s entire technologyintensive supply chains comes down to the operations in the American chip design tools industry
Semiconductor Stocks at the ForefrontThis dependence on prominent US chipmakers naturally brings semiconductor stocks to investors’ watch list
4 Chip Stocks to Buy in 2020We have chosen four semiconductor stocks that are well positioned to gain this year from the aforementioned factors","['chip', 'stocks', 'witnessed', 'a', 'strong', 'rally', 'in', '2019', 'largely', 'driven', 'by', 'investors', 'optimism', 'over', 'a', 'uschina', 'trade', 'deal', 'american', 'chip', 'design', 'tech', 'is', 'paramount', 'for', 'china', 'here', 's', 'whya', 'major', 'factor', 'driving', 'the', 'importance', 'of', 'us', 'technology', 'for', 'china', 'is', 'the', 'country', 's', 'reliance', 'on', 'specific', 'american', 'technologies', 'for', 'its', 'supply', 'chains', 'therefore', 'the', 'functionality', 'of', 'china', 's', 'entire', 'technologyintensive', 'supply', 'chains', 'comes', 'down', 'to', 'the', 'operations', 'in', 'the', 'american', 'chip', 'design', 'tools', 'industry', 'semiconductor', 'stocks', 'at', 'the', 'forefrontthis', 'dependence', 'on', 'prominent', 'us', 'chipmakers', 'naturally', 'brings', 'semiconductor', 'stocks', 'to', 'investors', 'watch', 'list', '4', 'chip', 'stocks', 'to', 'buy', 'in', '2020we', 'have', 'chosen', 'four', 'semiconductor', 'stocks', 'that', 'are', 'well', 'positioned', 'to', 'gain', 'this', 'year', 'from', 'the', 'aforementioned', 'factors']","['chip', 'stocks', 'witnessed', 'strong', 'rally', '2019', 'largely', 'driven', 'investors', 'optimism', 'uschina', 'trade', 'deal', 'american', 'chip', 'design', 'tech', 'paramount', 'china', 'whya', 'major', 'factor', 'driving', 'importance', 'us', 'technology', 'china', 'country', 'reliance', 'specific', 'american', 'technologies', 'supply', 'chains', 'therefore', 'functionality', 'china', 'entire', 'technologyintensive', 'supply', 'chains', 'comes', 'operations', 'american', 'chip', 'design', 'tools', 'industry', 'semiconductor', 'stocks', 'forefrontthis', 'dependence', 'prominent', 'us', 'chipmakers', 'naturally', 'brings', 'semiconductor', 'stocks', 'investors', 'watch', 'list', '4', 'chip', 'stocks', 'buy', '2020we', 'chosen', 'four', 'semiconductor', 'stocks', 'well', 'positioned', 'gain', 'year', 'aforementioned', 'factors']","['chip', 'stock', 'wit', 'strong', 'ralli', '2019', 'larg', 'driven', 'investor', 'optim', 'uschina', 'trade', 'deal', 'american', 'chip', 'design', 'tech', 'paramount', 'china', 'whya', 'major', 'factor', 'drive', 'import', 'us', 'technolog', 'china', 'countri', 'relianc', 'specif', 'american', 'technolog', 'suppli', 'chain', 'therefor', 'function', 'china', 'entir', 'technologyintens', 'suppli', 'chain', 'come', 'oper', 'american', 'chip', 'design', 'tool', 'industri', 'semiconductor', 'stock', 'forefrontthi', 'depend', 'promin', 'us', 'chipmak', 'natur', 'bring', 'semiconductor', 'stock', 'investor', 'watch', 'list', '4', 'chip', 'stock', 'buy', '2020we', 'chosen', 'four', 'semiconductor', 'stock', 'well', 'posit', 'gain', 'year', 'aforement', 'factor']","['chip', 'stock', 'witnessed', 'strong', 'rally', '2019', 'largely', 'driven', 'investor', 'optimism', 'uschina', 'trade', 'deal', 'american', 'chip', 'design', 'tech', 'paramount', 'china', 'whya', 'major', 'factor', 'driving', 'importance', 'u', 'technology', 'china', 'country', 'reliance', 'specific', 'american', 'technology', 'supply', 'chain', 'therefore', 'functionality', 'china', 'entire', 'technologyintensive', 'supply', 'chain', 'come', 'operation', 'american', 'chip', 'design', 'tool', 'industry', 'semiconductor', 'stock', 'forefrontthis', 'dependence', 'prominent', 'u', 'chipmakers', 'naturally', 'brings', 'semiconductor', 'stock', 'investor', 'watch', 'list', '4', 'chip', 'stock', 'buy', '2020we', 'chosen', 'four', 'semiconductor', 'stock', 'well', 'positioned', 'gain', 'year', 'aforementioned', 'factor']"
11,"AMSTERDAM (Reuters) - Trade relations between China and the Netherlands would be damaged if Dutch semiconductor equipment supplier ASML ASML.AS is not allowed to ship its newest machines to China, Beijing's ambassador to the Netherlands was quoted as saying on Wednesday.
FILE PHOTO: ASML Holding logo is seen at company's headquarters in Eindhoven, Netherlands, Januari 23, 2019.
“We are concerned that the Netherlands is politicizing our trade relationship under American pressure,” Chinese ambassador Xu Hong was quoted as saying in the Het Financieele Dagblad newspaper.
In 2018, the Netherlands also imported 39.2 billion euros ($43.7 billion) worth of Chinese goods, two-thirds of which was exported on to other countries.
“When deciding whether to issue an export license, the Dutch government weighs both the economic and security interests,” she said in an emailed statement","AMSTERDAM Reuters  Trade relations between China and the Netherlands would be damaged if Dutch semiconductor equipment supplier ASML ASMLAS is not allowed to ship its newest machines to China Beijings ambassador to the Netherlands was quoted as saying on Wednesday
FILE PHOTO ASML Holding logo is seen at companys headquarters in Eindhoven Netherlands Januari 23 2019
“We are concerned that the Netherlands is politicizing our trade relationship under American pressure” Chinese ambassador Xu Hong was quoted as saying in the Het Financieele Dagblad newspaper
In 2018 the Netherlands also imported 392 billion euros 437 billion worth of Chinese goods twothirds of which was exported on to other countries
“When deciding whether to issue an export license the Dutch government weighs both the economic and security interests” she said in an emailed statement","['amsterdam', 'reuters', 'trade', 'relations', 'between', 'china', 'and', 'the', 'netherlands', 'would', 'be', 'damaged', 'if', 'dutch', 'semiconductor', 'equipment', 'supplier', 'asml', 'asmlas', 'is', 'not', 'allowed', 'to', 'ship', 'its', 'newest', 'machines', 'to', 'china', 'beijings', 'ambassador', 'to', 'the', 'netherlands', 'was', 'quoted', 'as', 'saying', 'on', 'wednesday', 'file', 'photo', 'asml', 'holding', 'logo', 'is', 'seen', 'at', 'companys', 'headquarters', 'in', 'eindhoven', 'netherlands', 'januari', '23', '2019', 'we', 'are', 'concerned', 'that', 'the', 'netherlands', 'is', 'politicizing', 'our', 'trade', 'relationship', 'under', 'american', 'pressure', 'chinese', 'ambassador', 'xu', 'hong', 'was', 'quoted', 'as', 'saying', 'in', 'the', 'het', 'financieele', 'dagblad', 'newspaper', 'in', '2018', 'the', 'netherlands', 'also', 'imported', '392', 'billion', 'euros', '437', 'billion', 'worth', 'of', 'chinese', 'goods', 'twothirds', 'of', 'which', 'was', 'exported', 'on', 'to', 'other', 'countries', 'when', 'deciding', 'whether', 'to', 'issue', 'an', 'export', 'license', 'the', 'dutch', 'government', 'weighs', 'both', 'the', 'economic', 'and', 'security', 'interests', 'she', 'said', 'in', 'an', 'emailed', 'statement']","['amsterdam', 'reuters', 'trade', 'relations', 'china', 'netherlands', 'would', 'damaged', 'dutch', 'semiconductor', 'equipment', 'supplier', 'asml', 'asmlas', 'allowed', 'ship', 'newest', 'machines', 'china', 'beijings', 'ambassador', 'netherlands', 'quoted', 'saying', 'wednesday', 'file', 'photo', 'asml', 'holding', 'logo', 'seen', 'companys', 'headquarters', 'eindhoven', 'netherlands', 'januari', '23', '2019', 'concerned', 'netherlands', 'politicizing', 'trade', 'relationship', 'american', 'pressure', 'chinese', 'ambassador', 'xu', 'hong', 'quoted', 'saying', 'het', 'financieele', 'dagblad', 'newspaper', '2018', 'netherlands', 'also', 'imported', '392', 'billion', 'euros', '437', 'billion', 'worth', 'chinese', 'goods', 'twothirds', 'exported', 'countries', 'deciding', 'whether', 'issue', 'export', 'license', 'dutch', 'government', 'weighs', 'economic', 'security', 'interests', 'said', 'emailed', 'statement']","['amsterdam', 'reuter', 'trade', 'relat', 'china', 'netherland', 'would', 'damag', 'dutch', 'semiconductor', 'equip', 'supplier', 'asml', 'asmla', 'allow', 'ship', 'newest', 'machin', 'china', 'beij', 'ambassador', 'netherland', 'quot', 'say', 'wednesday', 'file', 'photo', 'asml', 'hold', 'logo', 'seen', 'compani', 'headquart', 'eindhoven', 'netherland', 'januari', '23', '2019', 'concern', 'netherland', 'politic', 'trade', 'relationship', 'american', 'pressur', 'chines', 'ambassador', 'xu', 'hong', 'quot', 'say', 'het', 'financieel', 'dagblad', 'newspap', '2018', 'netherland', 'also', 'import', '392', 'billion', 'euro', '437', 'billion', 'worth', 'chines', 'good', 'twothird', 'export', 'countri', 'decid', 'whether', 'issu', 'export', 'licens', 'dutch', 'govern', 'weigh', 'econom', 'secur', 'interest', 'said', 'email', 'statement']","['amsterdam', 'reuters', 'trade', 'relation', 'china', 'netherlands', 'would', 'damaged', 'dutch', 'semiconductor', 'equipment', 'supplier', 'asml', 'asmlas', 'allowed', 'ship', 'newest', 'machine', 'china', 'beijing', 'ambassador', 'netherlands', 'quoted', 'saying', 'wednesday', 'file', 'photo', 'asml', 'holding', 'logo', 'seen', 'company', 'headquarters', 'eindhoven', 'netherlands', 'januari', '23', '2019', 'concerned', 'netherlands', 'politicizing', 'trade', 'relationship', 'american', 'pressure', 'chinese', 'ambassador', 'xu', 'hong', 'quoted', 'saying', 'het', 'financieele', 'dagblad', 'newspaper', '2018', 'netherlands', 'also', 'imported', '392', 'billion', 'euro', '437', 'billion', 'worth', 'chinese', 'good', 'twothirds', 'exported', 'country', 'deciding', 'whether', 'issue', 'export', 'license', 'dutch', 'government', 'weighs', 'economic', 'security', 'interest', 'said', 'emailed', 'statement']"
12,"China is hastening to make semiconductors and consumer electronics without 
U.S. parts, after Washington restricted American businesses from 
supplying ","China is hastening to make semiconductors and consumer electronics without 
US parts after Washington restricted American businesses from 
supplying ","['china', 'is', 'hastening', 'to', 'make', 'semiconductors', 'and', 'consumer', 'electronics', 'without', 'us', 'parts', 'after', 'washington', 'restricted', 'american', 'businesses', 'from', 'supplying', '']","['china', 'hastening', 'make', 'semiconductors', 'consumer', 'electronics', 'without', 'us', 'parts', 'washington', 'restricted', 'american', 'businesses', 'supplying', '']","['china', 'hasten', 'make', 'semiconductor', 'consum', 'electron', 'without', 'us', 'part', 'washington', 'restrict', 'american', 'busi', 'suppli', '']","['china', 'hastening', 'make', 'semiconductor', 'consumer', 'electronics', 'without', 'u', 'part', 'washington', 'restricted', 'american', 'business', 'supplying', '']"
13,"Just as the Space Race was fueled by the Cold War, the US-China trade conflict is driving a new tech race.
This US-China trade dispute is having rippling long-term effects on the tech world.
Earnings season for chip companies is around the corner, and this could spell trouble for this space across the board.
Chinese firms are racing to become the world tech suppliers, and the government has no issues subsidizing this growth for accelerated results.
Keep your ears and eyes peeled in this upcoming earnings season for clues for who will be the winners and losers of the US-China Tech Race","Just as the Space Race was fueled by the Cold War the USChina trade conflict is driving a new tech race
This USChina trade dispute is having rippling longterm effects on the tech world
Earnings season for chip companies is around the corner and this could spell trouble for this space across the board
Chinese firms are racing to become the world tech suppliers and the government has no issues subsidizing this growth for accelerated results
Keep your ears and eyes peeled in this upcoming earnings season for clues for who will be the winners and losers of the USChina Tech Race","['just', 'as', 'the', 'space', 'race', 'was', 'fueled', 'by', 'the', 'cold', 'war', 'the', 'uschina', 'trade', 'conflict', 'is', 'driving', 'a', 'new', 'tech', 'race', 'this', 'uschina', 'trade', 'dispute', 'is', 'having', 'rippling', 'longterm', 'effects', 'on', 'the', 'tech', 'world', 'earnings', 'season', 'for', 'chip', 'companies', 'is', 'around', 'the', 'corner', 'and', 'this', 'could', 'spell', 'trouble', 'for', 'this', 'space', 'across', 'the', 'board', 'chinese', 'firms', 'are', 'racing', 'to', 'become', 'the', 'world', 'tech', 'suppliers', 'and', 'the', 'government', 'has', 'no', 'issues', 'subsidizing', 'this', 'growth', 'for', 'accelerated', 'results', 'keep', 'your', 'ears', 'and', 'eyes', 'peeled', 'in', 'this', 'upcoming', 'earnings', 'season', 'for', 'clues', 'for', 'who', 'will', 'be', 'the', 'winners', 'and', 'losers', 'of', 'the', 'uschina', 'tech', 'race']","['space', 'race', 'fueled', 'cold', 'war', 'uschina', 'trade', 'conflict', 'driving', 'new', 'tech', 'race', 'uschina', 'trade', 'dispute', 'rippling', 'longterm', 'effects', 'tech', 'world', 'earnings', 'season', 'chip', 'companies', 'around', 'corner', 'could', 'spell', 'trouble', 'space', 'across', 'board', 'chinese', 'firms', 'racing', 'become', 'world', 'tech', 'suppliers', 'government', 'issues', 'subsidizing', 'growth', 'accelerated', 'results', 'keep', 'ears', 'eyes', 'peeled', 'upcoming', 'earnings', 'season', 'clues', 'winners', 'losers', 'uschina', 'tech', 'race']","['space', 'race', 'fuel', 'cold', 'war', 'uschina', 'trade', 'conflict', 'drive', 'new', 'tech', 'race', 'uschina', 'trade', 'disput', 'rippl', 'longterm', 'effect', 'tech', 'world', 'earn', 'season', 'chip', 'compani', 'around', 'corner', 'could', 'spell', 'troubl', 'space', 'across', 'board', 'chines', 'firm', 'race', 'becom', 'world', 'tech', 'supplier', 'govern', 'issu', 'subsid', 'growth', 'acceler', 'result', 'keep', 'ear', 'eye', 'peel', 'upcom', 'earn', 'season', 'clue', 'winner', 'loser', 'uschina', 'tech', 'race']","['space', 'race', 'fueled', 'cold', 'war', 'uschina', 'trade', 'conflict', 'driving', 'new', 'tech', 'race', 'uschina', 'trade', 'dispute', 'rippling', 'longterm', 'effect', 'tech', 'world', 'earnings', 'season', 'chip', 'company', 'around', 'corner', 'could', 'spell', 'trouble', 'space', 'across', 'board', 'chinese', 'firm', 'racing', 'become', 'world', 'tech', 'supplier', 'government', 'issue', 'subsidizing', 'growth', 'accelerated', 'result', 'keep', 'ear', 'eye', 'peeled', 'upcoming', 'earnings', 'season', 'clue', 'winner', 'loser', 'uschina', 'tech', 'race']"
14,"(Reuters) - Franco-Italian chipmaker STMicroelectronics would still reach its mid-term revenue target in the event of a ban of Huawei telecoms components in Europe, its chief executive said after the group published better-than-expected earnings on growing demand for its next-generation products.
FILE PHOTO: A logo is pictured on the factory of STMicroelectronics in Plan-les-Oautes near Geneva, Switzerland, December 6, 2016.
“Today, the risks and opportunities are balanced and won’t prevent us from reaching our mid-term target of $12 billion,” he added.
The Geneva-based group pledged to reach that revenue goal by the second-half of 2021 or in 2022, depending on market conditions.
The supplier to iPhone maker Apple and electric carmaker Tesla said fourth-quarter net revenue rose by 7.9% from the previous quarter to $2.75 billion, above STMicro’s targets","Reuters  FrancoItalian chipmaker STMicroelectronics would still reach its midterm revenue target in the event of a ban of Huawei telecoms components in Europe its chief executive said after the group published betterthanexpected earnings on growing demand for its nextgeneration products
FILE PHOTO A logo is pictured on the factory of STMicroelectronics in PlanlesOautes near Geneva Switzerland December 6 2016
“Today the risks and opportunities are balanced and won’t prevent us from reaching our midterm target of 12 billion” he added
The Genevabased group pledged to reach that revenue goal by the secondhalf of 2021 or in 2022 depending on market conditions
The supplier to iPhone maker Apple and electric carmaker Tesla said fourthquarter net revenue rose by 79 from the previous quarter to 275 billion above STMicro’s targets","['reuters', 'francoitalian', 'chipmaker', 'stmicroelectronics', 'would', 'still', 'reach', 'its', 'midterm', 'revenue', 'target', 'in', 'the', 'event', 'of', 'a', 'ban', 'of', 'huawei', 'telecoms', 'components', 'in', 'europe', 'its', 'chief', 'executive', 'said', 'after', 'the', 'group', 'published', 'betterthanexpected', 'earnings', 'on', 'growing', 'demand', 'for', 'its', 'nextgeneration', 'products', 'file', 'photo', 'a', 'logo', 'is', 'pictured', 'on', 'the', 'factory', 'of', 'stmicroelectronics', 'in', 'planlesoautes', 'near', 'geneva', 'switzerland', 'december', '6', '2016', 'today', 'the', 'risks', 'and', 'opportunities', 'are', 'balanced', 'and', 'won', 't', 'prevent', 'us', 'from', 'reaching', 'our', 'midterm', 'target', 'of', '12', 'billion', 'he', 'added', 'the', 'genevabased', 'group', 'pledged', 'to', 'reach', 'that', 'revenue', 'goal', 'by', 'the', 'secondhalf', 'of', '2021', 'or', 'in', '2022', 'depending', 'on', 'market', 'conditions', 'the', 'supplier', 'to', 'iphone', 'maker', 'apple', 'and', 'electric', 'carmaker', 'tesla', 'said', 'fourthquarter', 'net', 'revenue', 'rose', 'by', '79', 'from', 'the', 'previous', 'quarter', 'to', '275', 'billion', 'above', 'stmicro', 's', 'targets']","['reuters', 'francoitalian', 'chipmaker', 'stmicroelectronics', 'would', 'still', 'reach', 'midterm', 'revenue', 'target', 'event', 'ban', 'huawei', 'telecoms', 'components', 'europe', 'chief', 'executive', 'said', 'group', 'published', 'betterthanexpected', 'earnings', 'growing', 'demand', 'nextgeneration', 'products', 'file', 'photo', 'logo', 'pictured', 'factory', 'stmicroelectronics', 'planlesoautes', 'near', 'geneva', 'switzerland', 'december', '6', '2016', 'today', 'risks', 'opportunities', 'balanced', 'prevent', 'us', 'reaching', 'midterm', 'target', '12', 'billion', 'added', 'genevabased', 'group', 'pledged', 'reach', 'revenue', 'goal', 'secondhalf', '2021', '2022', 'depending', 'market', 'conditions', 'supplier', 'iphone', 'maker', 'apple', 'electric', 'carmaker', 'tesla', 'said', 'fourthquarter', 'net', 'revenue', 'rose', '79', 'previous', 'quarter', '275', 'billion', 'stmicro', 'targets']","['reuter', 'francoitalian', 'chipmak', 'stmicroelectron', 'would', 'still', 'reach', 'midterm', 'revenu', 'target', 'event', 'ban', 'huawei', 'telecom', 'compon', 'europ', 'chief', 'execut', 'said', 'group', 'publish', 'betterthanexpect', 'earn', 'grow', 'demand', 'nextgener', 'product', 'file', 'photo', 'logo', 'pictur', 'factori', 'stmicroelectron', 'planlesoaut', 'near', 'geneva', 'switzerland', 'decemb', '6', '2016', 'today', 'risk', 'opportun', 'balanc', 'prevent', 'us', 'reach', 'midterm', 'target', '12', 'billion', 'ad', 'genevabas', 'group', 'pledg', 'reach', 'revenu', 'goal', 'secondhalf', '2021', '2022', 'depend', 'market', 'condit', 'supplier', 'iphon', 'maker', 'appl', 'electr', 'carmak', 'tesla', 'said', 'fourthquart', 'net', 'revenu', 'rose', '79', 'previou', 'quarter', '275', 'billion', 'stmicro', 'target']","['reuters', 'francoitalian', 'chipmaker', 'stmicroelectronics', 'would', 'still', 'reach', 'midterm', 'revenue', 'target', 'event', 'ban', 'huawei', 'telecom', 'component', 'europe', 'chief', 'executive', 'said', 'group', 'published', 'betterthanexpected', 'earnings', 'growing', 'demand', 'nextgeneration', 'product', 'file', 'photo', 'logo', 'pictured', 'factory', 'stmicroelectronics', 'planlesoautes', 'near', 'geneva', 'switzerland', 'december', '6', '2016', 'today', 'risk', 'opportunity', 'balanced', 'prevent', 'u', 'reaching', 'midterm', 'target', '12', 'billion', 'added', 'genevabased', 'group', 'pledged', 'reach', 'revenue', 'goal', 'secondhalf', '2021', '2022', 'depending', 'market', 'condition', 'supplier', 'iphone', 'maker', 'apple', 'electric', 'carmaker', 'tesla', 'said', 'fourthquarter', 'net', 'revenue', 'rose', '79', 'previous', 'quarter', '275', 'billion', 'stmicro', 'target']"
15,"HILLSBORO, Ore.--(BUSINESS WIRE)--Lattice Semiconductor (NASDAQ: LSCC), the low power programmable leader, today announced that in its ongoing commitment to growing the low power machine learning (ML) ecosystem, the company is a Gold Sponsor for the upcoming tinyML Summit.
tinyML is a community of engineers devoted to connecting low power ML experts from the industry, academia, start-ups and government labs to share news and information.
“Many developers are looking for innovative ways to address the low power operating requirements of Edge devices with on-board support for ML processing,” said Hussein Osman, Manager, Market Segment Manager, Lattice Semiconductor.
About Lattice SemiconductorLattice Semiconductor (NASDAQ: LSCC) is the low power programmable leader.
Lattice Semiconductor Corporation, Lattice Semiconductor (& design) and specific product designations are either registered trademarks or trademarks of Lattice Semiconductor Corporation or its subsidiaries in the United States and/or other countries","HILLSBORO OreBUSINESS WIRELattice Semiconductor NASDAQ LSCC the low power programmable leader today announced that in its ongoing commitment to growing the low power machine learning ML ecosystem the company is a Gold Sponsor for the upcoming tinyML Summit
tinyML is a community of engineers devoted to connecting low power ML experts from the industry academia startups and government labs to share news and information
“Many developers are looking for innovative ways to address the low power operating requirements of Edge devices with onboard support for ML processing” said Hussein Osman Manager Market Segment Manager Lattice Semiconductor
About Lattice SemiconductorLattice Semiconductor NASDAQ LSCC is the low power programmable leader
Lattice Semiconductor Corporation Lattice Semiconductor  design and specific product designations are either registered trademarks or trademarks of Lattice Semiconductor Corporation or its subsidiaries in the United States andor other countries","['hillsboro', 'orebusiness', 'wirelattice', 'semiconductor', 'nasdaq', 'lscc', 'the', 'low', 'power', 'programmable', 'leader', 'today', 'announced', 'that', 'in', 'its', 'ongoing', 'commitment', 'to', 'growing', 'the', 'low', 'power', 'machine', 'learning', 'ml', 'ecosystem', 'the', 'company', 'is', 'a', 'gold', 'sponsor', 'for', 'the', 'upcoming', 'tinyml', 'summit', 'tinyml', 'is', 'a', 'community', 'of', 'engineers', 'devoted', 'to', 'connecting', 'low', 'power', 'ml', 'experts', 'from', 'the', 'industry', 'academia', 'startups', 'and', 'government', 'labs', 'to', 'share', 'news', 'and', 'information', 'many', 'developers', 'are', 'looking', 'for', 'innovative', 'ways', 'to', 'address', 'the', 'low', 'power', 'operating', 'requirements', 'of', 'edge', 'devices', 'with', 'onboard', 'support', 'for', 'ml', 'processing', 'said', 'hussein', 'osman', 'manager', 'market', 'segment', 'manager', 'lattice', 'semiconductor', 'about', 'lattice', 'semiconductorlattice', 'semiconductor', 'nasdaq', 'lscc', 'is', 'the', 'low', 'power', 'programmable', 'leader', 'lattice', 'semiconductor', 'corporation', 'lattice', 'semiconductor', 'design', 'and', 'specific', 'product', 'designations', 'are', 'either', 'registered', 'trademarks', 'or', 'trademarks', 'of', 'lattice', 'semiconductor', 'corporation', 'or', 'its', 'subsidiaries', 'in', 'the', 'united', 'states', 'andor', 'other', 'countries']","['hillsboro', 'orebusiness', 'wirelattice', 'semiconductor', 'nasdaq', 'lscc', 'low', 'power', 'programmable', 'leader', 'today', 'announced', 'ongoing', 'commitment', 'growing', 'low', 'power', 'machine', 'learning', 'ml', 'ecosystem', 'company', 'gold', 'sponsor', 'upcoming', 'tinyml', 'summit', 'tinyml', 'community', 'engineers', 'devoted', 'connecting', 'low', 'power', 'ml', 'experts', 'industry', 'academia', 'startups', 'government', 'labs', 'share', 'news', 'information', 'many', 'developers', 'looking', 'innovative', 'ways', 'address', 'low', 'power', 'operating', 'requirements', 'edge', 'devices', 'onboard', 'support', 'ml', 'processing', 'said', 'hussein', 'osman', 'manager', 'market', 'segment', 'manager', 'lattice', 'semiconductor', 'lattice', 'semiconductorlattice', 'semiconductor', 'nasdaq', 'lscc', 'low', 'power', 'programmable', 'leader', 'lattice', 'semiconductor', 'corporation', 'lattice', 'semiconductor', 'design', 'specific', 'product', 'designations', 'either', 'registered', 'trademarks', 'trademarks', 'lattice', 'semiconductor', 'corporation', 'subsidiaries', 'united', 'states', 'andor', 'countries']","['hillsboro', 'orebusi', 'wirelattic', 'semiconductor', 'nasdaq', 'lscc', 'low', 'power', 'programm', 'leader', 'today', 'announc', 'ongo', 'commit', 'grow', 'low', 'power', 'machin', 'learn', 'ml', 'ecosystem', 'compani', 'gold', 'sponsor', 'upcom', 'tinyml', 'summit', 'tinyml', 'commun', 'engin', 'devot', 'connect', 'low', 'power', 'ml', 'expert', 'industri', 'academia', 'startup', 'govern', 'lab', 'share', 'news', 'inform', 'mani', 'develop', 'look', 'innov', 'way', 'address', 'low', 'power', 'oper', 'requir', 'edg', 'devic', 'onboard', 'support', 'ml', 'process', 'said', 'hussein', 'osman', 'manag', 'market', 'segment', 'manag', 'lattic', 'semiconductor', 'lattic', 'semiconductorlattic', 'semiconductor', 'nasdaq', 'lscc', 'low', 'power', 'programm', 'leader', 'lattic', 'semiconductor', 'corpor', 'lattic', 'semiconductor', 'design', 'specif', 'product', 'design', 'either', 'regist', 'trademark', 'trademark', 'lattic', 'semiconductor', 'corpor', 'subsidiari', 'unit', 'state', 'andor', 'countri']","['hillsboro', 'orebusiness', 'wirelattice', 'semiconductor', 'nasdaq', 'lscc', 'low', 'power', 'programmable', 'leader', 'today', 'announced', 'ongoing', 'commitment', 'growing', 'low', 'power', 'machine', 'learning', 'ml', 'ecosystem', 'company', 'gold', 'sponsor', 'upcoming', 'tinyml', 'summit', 'tinyml', 'community', 'engineer', 'devoted', 'connecting', 'low', 'power', 'ml', 'expert', 'industry', 'academia', 'startup', 'government', 'lab', 'share', 'news', 'information', 'many', 'developer', 'looking', 'innovative', 'way', 'address', 'low', 'power', 'operating', 'requirement', 'edge', 'device', 'onboard', 'support', 'ml', 'processing', 'said', 'hussein', 'osman', 'manager', 'market', 'segment', 'manager', 'lattice', 'semiconductor', 'lattice', 'semiconductorlattice', 'semiconductor', 'nasdaq', 'lscc', 'low', 'power', 'programmable', 'leader', 'lattice', 'semiconductor', 'corporation', 'lattice', 'semiconductor', 'design', 'specific', 'product', 'designation', 'either', 'registered', 'trademark', 'trademark', 'lattice', 'semiconductor', 'corporation', 'subsidiary', 'united', 'state', 'andor', 'country']"
16,"Scrutiny could extend to MIC 2025, BRI-affiliated projectsBroadly speaking, the US national security community, particularly the Department of Defense (DoD), sees the United States as being engaged in “great power” competition with China over emerging technologies.
Meanwhile, US military leaders have expressed concern about the alleged role US companies play in willingly transferring technology to the Chinese military.
In response, the US government has been actively studying additional measures to prevent US companies from transferring dual-use technology to CMI-affiliated companies.
National security concerns—perceived and real—will define the US-China relationship for the foreseeable future, even as “phase one” and subsequent rounds of trade agreements may yield new market openings in China.
How well US companies manage the tension between opportunity and risk in the era of great power competition will largely depend on the extent to which they can address problems before they occur","Scrutiny could extend to MIC 2025 BRIaffiliated projectsBroadly speaking the US national security community particularly the Department of Defense DoD sees the United States as being engaged in “great power” competition with China over emerging technologies
Meanwhile US military leaders have expressed concern about the alleged role US companies play in willingly transferring technology to the Chinese military
In response the US government has been actively studying additional measures to prevent US companies from transferring dualuse technology to CMIaffiliated companies
National security concerns—perceived and real—will define the USChina relationship for the foreseeable future even as “phase one” and subsequent rounds of trade agreements may yield new market openings in China
How well US companies manage the tension between opportunity and risk in the era of great power competition will largely depend on the extent to which they can address problems before they occur","['scrutiny', 'could', 'extend', 'to', 'mic', '2025', 'briaffiliated', 'projectsbroadly', 'speaking', 'the', 'us', 'national', 'security', 'community', 'particularly', 'the', 'department', 'of', 'defense', 'dod', 'sees', 'the', 'united', 'states', 'as', 'being', 'engaged', 'in', 'great', 'power', 'competition', 'with', 'china', 'over', 'emerging', 'technologies', 'meanwhile', 'us', 'military', 'leaders', 'have', 'expressed', 'concern', 'about', 'the', 'alleged', 'role', 'us', 'companies', 'play', 'in', 'willingly', 'transferring', 'technology', 'to', 'the', 'chinese', 'military', 'in', 'response', 'the', 'us', 'government', 'has', 'been', 'actively', 'studying', 'additional', 'measures', 'to', 'prevent', 'us', 'companies', 'from', 'transferring', 'dualuse', 'technology', 'to', 'cmiaffiliated', 'companies', 'national', 'security', 'concerns', 'perceived', 'and', 'real', 'will', 'define', 'the', 'uschina', 'relationship', 'for', 'the', 'foreseeable', 'future', 'even', 'as', 'phase', 'one', 'and', 'subsequent', 'rounds', 'of', 'trade', 'agreements', 'may', 'yield', 'new', 'market', 'openings', 'in', 'china', 'how', 'well', 'us', 'companies', 'manage', 'the', 'tension', 'between', 'opportunity', 'and', 'risk', 'in', 'the', 'era', 'of', 'great', 'power', 'competition', 'will', 'largely', 'depend', 'on', 'the', 'extent', 'to', 'which', 'they', 'can', 'address', 'problems', 'before', 'they', 'occur']","['scrutiny', 'could', 'extend', 'mic', '2025', 'briaffiliated', 'projectsbroadly', 'speaking', 'us', 'national', 'security', 'community', 'particularly', 'department', 'defense', 'dod', 'sees', 'united', 'states', 'engaged', 'great', 'power', 'competition', 'china', 'emerging', 'technologies', 'meanwhile', 'us', 'military', 'leaders', 'expressed', 'concern', 'alleged', 'role', 'us', 'companies', 'play', 'willingly', 'transferring', 'technology', 'chinese', 'military', 'response', 'us', 'government', 'actively', 'studying', 'additional', 'measures', 'prevent', 'us', 'companies', 'transferring', 'dualuse', 'technology', 'cmiaffiliated', 'companies', 'national', 'security', 'concerns', 'perceived', 'real', 'define', 'uschina', 'relationship', 'foreseeable', 'future', 'even', 'phase', 'one', 'subsequent', 'rounds', 'trade', 'agreements', 'may', 'yield', 'new', 'market', 'openings', 'china', 'well', 'us', 'companies', 'manage', 'tension', 'opportunity', 'risk', 'era', 'great', 'power', 'competition', 'largely', 'depend', 'extent', 'address', 'problems', 'occur']","['scrutini', 'could', 'extend', 'mic', '2025', 'briaffili', 'projectsbroadli', 'speak', 'us', 'nation', 'secur', 'commun', 'particularli', 'depart', 'defens', 'dod', 'see', 'unit', 'state', 'engag', 'great', 'power', 'competit', 'china', 'emerg', 'technolog', 'meanwhil', 'us', 'militari', 'leader', 'express', 'concern', 'alleg', 'role', 'us', 'compani', 'play', 'willingli', 'transfer', 'technolog', 'chines', 'militari', 'respons', 'us', 'govern', 'activ', 'studi', 'addit', 'measur', 'prevent', 'us', 'compani', 'transfer', 'dualus', 'technolog', 'cmiaffili', 'compani', 'nation', 'secur', 'concern', 'perceiv', 'real', 'defin', 'uschina', 'relationship', 'forese', 'futur', 'even', 'phase', 'one', 'subsequ', 'round', 'trade', 'agreement', 'may', 'yield', 'new', 'market', 'open', 'china', 'well', 'us', 'compani', 'manag', 'tension', 'opportun', 'risk', 'era', 'great', 'power', 'competit', 'larg', 'depend', 'extent', 'address', 'problem', 'occur']","['scrutiny', 'could', 'extend', 'mic', '2025', 'briaffiliated', 'projectsbroadly', 'speaking', 'u', 'national', 'security', 'community', 'particularly', 'department', 'defense', 'dod', 'see', 'united', 'state', 'engaged', 'great', 'power', 'competition', 'china', 'emerging', 'technology', 'meanwhile', 'u', 'military', 'leader', 'expressed', 'concern', 'alleged', 'role', 'u', 'company', 'play', 'willingly', 'transferring', 'technology', 'chinese', 'military', 'response', 'u', 'government', 'actively', 'studying', 'additional', 'measure', 'prevent', 'u', 'company', 'transferring', 'dualuse', 'technology', 'cmiaffiliated', 'company', 'national', 'security', 'concern', 'perceived', 'real', 'define', 'uschina', 'relationship', 'foreseeable', 'future', 'even', 'phase', 'one', 'subsequent', 'round', 'trade', 'agreement', 'may', 'yield', 'new', 'market', 'opening', 'china', 'well', 'u', 'company', 'manage', 'tension', 'opportunity', 'risk', 'era', 'great', 'power', 'competition', 'largely', 'depend', 'extent', 'address', 'problem', 'occur']"
17,"This strategic assessment report, from Stratview Research, provides a comprehensive analysis that reflects today's semiconductor seals market realities and future possibilities for the forecast period of 2020 to 2025.
After a continuous interest in our oil & gas seals market, pipe seals market, and aircraft seals market report from the industry stakeholders, we have tried to further expand our research scope to the semiconductor seals market.
Semiconductor Seals Market: Research HighlightsThe semiconductor manufacturing process is extremely critical and sensitive where contaminations are measured in microns.
Semiconductor seals are used to avoid contaminations by reducing particulates, lowering extractable, and resisting degradation in harsh plasma.
As per Stratview Research, the semiconductor seals market is forecasted to grow at an impressive rate over the next five years to reach an estimated value of US$ 897.2 million in 2025","This strategic assessment report from Stratview Research provides a comprehensive analysis that reflects todays semiconductor seals market realities and future possibilities for the forecast period of 2020 to 2025
After a continuous interest in our oil  gas seals market pipe seals market and aircraft seals market report from the industry stakeholders we have tried to further expand our research scope to the semiconductor seals market
Semiconductor Seals Market Research HighlightsThe semiconductor manufacturing process is extremely critical and sensitive where contaminations are measured in microns
Semiconductor seals are used to avoid contaminations by reducing particulates lowering extractable and resisting degradation in harsh plasma
As per Stratview Research the semiconductor seals market is forecasted to grow at an impressive rate over the next five years to reach an estimated value of US 8972 million in 2025","['this', 'strategic', 'assessment', 'report', 'from', 'stratview', 'research', 'provides', 'a', 'comprehensive', 'analysis', 'that', 'reflects', 'todays', 'semiconductor', 'seals', 'market', 'realities', 'and', 'future', 'possibilities', 'for', 'the', 'forecast', 'period', 'of', '2020', 'to', '2025', 'after', 'a', 'continuous', 'interest', 'in', 'our', 'oil', 'gas', 'seals', 'market', 'pipe', 'seals', 'market', 'and', 'aircraft', 'seals', 'market', 'report', 'from', 'the', 'industry', 'stakeholders', 'we', 'have', 'tried', 'to', 'further', 'expand', 'our', 'research', 'scope', 'to', 'the', 'semiconductor', 'seals', 'market', 'semiconductor', 'seals', 'market', 'research', 'highlightsthe', 'semiconductor', 'manufacturing', 'process', 'is', 'extremely', 'critical', 'and', 'sensitive', 'where', 'contaminations', 'are', 'measured', 'in', 'microns', 'semiconductor', 'seals', 'are', 'used', 'to', 'avoid', 'contaminations', 'by', 'reducing', 'particulates', 'lowering', 'extractable', 'and', 'resisting', 'degradation', 'in', 'harsh', 'plasma', 'as', 'per', 'stratview', 'research', 'the', 'semiconductor', 'seals', 'market', 'is', 'forecasted', 'to', 'grow', 'at', 'an', 'impressive', 'rate', 'over', 'the', 'next', 'five', 'years', 'to', 'reach', 'an', 'estimated', 'value', 'of', 'us', '8972', 'million', 'in', '2025']","['strategic', 'assessment', 'report', 'stratview', 'research', 'provides', 'comprehensive', 'analysis', 'reflects', 'todays', 'semiconductor', 'seals', 'market', 'realities', 'future', 'possibilities', 'forecast', 'period', '2020', '2025', 'continuous', 'interest', 'oil', 'gas', 'seals', 'market', 'pipe', 'seals', 'market', 'aircraft', 'seals', 'market', 'report', 'industry', 'stakeholders', 'tried', 'expand', 'research', 'scope', 'semiconductor', 'seals', 'market', 'semiconductor', 'seals', 'market', 'research', 'highlightsthe', 'semiconductor', 'manufacturing', 'process', 'extremely', 'critical', 'sensitive', 'contaminations', 'measured', 'microns', 'semiconductor', 'seals', 'used', 'avoid', 'contaminations', 'reducing', 'particulates', 'lowering', 'extractable', 'resisting', 'degradation', 'harsh', 'plasma', 'per', 'stratview', 'research', 'semiconductor', 'seals', 'market', 'forecasted', 'grow', 'impressive', 'rate', 'next', 'five', 'years', 'reach', 'estimated', 'value', 'us', '8972', 'million', '2025']","['strateg', 'assess', 'report', 'stratview', 'research', 'provid', 'comprehens', 'analysi', 'reflect', 'today', 'semiconductor', 'seal', 'market', 'realiti', 'futur', 'possibl', 'forecast', 'period', '2020', '2025', 'continu', 'interest', 'oil', 'ga', 'seal', 'market', 'pipe', 'seal', 'market', 'aircraft', 'seal', 'market', 'report', 'industri', 'stakehold', 'tri', 'expand', 'research', 'scope', 'semiconductor', 'seal', 'market', 'semiconductor', 'seal', 'market', 'research', 'highlightsth', 'semiconductor', 'manufactur', 'process', 'extrem', 'critic', 'sensit', 'contamin', 'measur', 'micron', 'semiconductor', 'seal', 'use', 'avoid', 'contamin', 'reduc', 'particul', 'lower', 'extract', 'resist', 'degrad', 'harsh', 'plasma', 'per', 'stratview', 'research', 'semiconductor', 'seal', 'market', 'forecast', 'grow', 'impress', 'rate', 'next', 'five', 'year', 'reach', 'estim', 'valu', 'us', '8972', 'million', '2025']","['strategic', 'assessment', 'report', 'stratview', 'research', 'provides', 'comprehensive', 'analysis', 'reflects', 'today', 'semiconductor', 'seal', 'market', 'reality', 'future', 'possibility', 'forecast', 'period', '2020', '2025', 'continuous', 'interest', 'oil', 'gas', 'seal', 'market', 'pipe', 'seal', 'market', 'aircraft', 'seal', 'market', 'report', 'industry', 'stakeholder', 'tried', 'expand', 'research', 'scope', 'semiconductor', 'seal', 'market', 'semiconductor', 'seal', 'market', 'research', 'highlightsthe', 'semiconductor', 'manufacturing', 'process', 'extremely', 'critical', 'sensitive', 'contamination', 'measured', 'micron', 'semiconductor', 'seal', 'used', 'avoid', 'contamination', 'reducing', 'particulate', 'lowering', 'extractable', 'resisting', 'degradation', 'harsh', 'plasma', 'per', 'stratview', 'research', 'semiconductor', 'seal', 'market', 'forecasted', 'grow', 'impressive', 'rate', 'next', 'five', 'year', 'reach', 'estimated', 'value', 'u', '8972', 'million', '2025']"
18,"TAIPEI (Taiwan News) — South Korea can hardly compete with Taiwan in semiconductor manufacturing despite the ambitious move by Samsung Electronics to put a 3-nanometer semiconductor node into commercial production, said Taiwan’s top tech official.
Taiwan’s semiconductor industry had an annual output valued at NT$2.6 trillion (US$867 billion) in 2019, said Ministry of Science and Technology (MOST) Minister Chen Liang-gee (陳良基) at a news conference held on Monday (Jan. 20).
The output is expected to double to NT$5.2 trillion within a decade and even reach NT$6 trillion by 2030 according to an optimistic forecast, wrote UDN.
While Samsung is striving to stay ahead of the game through the advancement of chip-making technology with strong backing from the South Korean government, it is unlikely to beat Taiwan Semiconductor Manufacturing Company (TSMC), the world’s largest semiconductor foundry, Chen believes.
Taiwan’s semiconductor businesses thrive on cluster development and an “industry ecology,” as evidenced by the country's many science parks, Chen said","TAIPEI Taiwan News — South Korea can hardly compete with Taiwan in semiconductor manufacturing despite the ambitious move by Samsung Electronics to put a 3nanometer semiconductor node into commercial production said Taiwan’s top tech official
Taiwan’s semiconductor industry had an annual output valued at NT26 trillion US867 billion in 2019 said Ministry of Science and Technology MOST Minister Chen Lianggee 陳良基 at a news conference held on Monday Jan 20
The output is expected to double to NT52 trillion within a decade and even reach NT6 trillion by 2030 according to an optimistic forecast wrote UDN
While Samsung is striving to stay ahead of the game through the advancement of chipmaking technology with strong backing from the South Korean government it is unlikely to beat Taiwan Semiconductor Manufacturing Company TSMC the world’s largest semiconductor foundry Chen believes
Taiwan’s semiconductor businesses thrive on cluster development and an “industry ecology” as evidenced by the countrys many science parks Chen said","['taipei', 'taiwan', 'news', 'south', 'korea', 'can', 'hardly', 'compete', 'with', 'taiwan', 'in', 'semiconductor', 'manufacturing', 'despite', 'the', 'ambitious', 'move', 'by', 'samsung', 'electronics', 'to', 'put', 'a', '3nanometer', 'semiconductor', 'node', 'into', 'commercial', 'production', 'said', 'taiwan', 's', 'top', 'tech', 'official', 'taiwan', 's', 'semiconductor', 'industry', 'had', 'an', 'annual', 'output', 'valued', 'at', 'nt26', 'trillion', 'us867', 'billion', 'in', '2019', 'said', 'ministry', 'of', 'science', 'and', 'technology', 'most', 'minister', 'chen', 'lianggee', '陳良基', 'at', 'a', 'news', 'conference', 'held', 'on', 'monday', 'jan', '20', 'the', 'output', 'is', 'expected', 'to', 'double', 'to', 'nt52', 'trillion', 'within', 'a', 'decade', 'and', 'even', 'reach', 'nt6', 'trillion', 'by', '2030', 'according', 'to', 'an', 'optimistic', 'forecast', 'wrote', 'udn', 'while', 'samsung', 'is', 'striving', 'to', 'stay', 'ahead', 'of', 'the', 'game', 'through', 'the', 'advancement', 'of', 'chipmaking', 'technology', 'with', 'strong', 'backing', 'from', 'the', 'south', 'korean', 'government', 'it', 'is', 'unlikely', 'to', 'beat', 'taiwan', 'semiconductor', 'manufacturing', 'company', 'tsmc', 'the', 'world', 's', 'largest', 'semiconductor', 'foundry', 'chen', 'believes', 'taiwan', 's', 'semiconductor', 'businesses', 'thrive', 'on', 'cluster', 'development', 'and', 'an', 'industry', 'ecology', 'as', 'evidenced', 'by', 'the', 'countrys', 'many', 'science', 'parks', 'chen', 'said']","['taipei', 'taiwan', 'news', 'south', 'korea', 'hardly', 'compete', 'taiwan', 'semiconductor', 'manufacturing', 'despite', 'ambitious', 'move', 'samsung', 'electronics', 'put', '3nanometer', 'semiconductor', 'node', 'commercial', 'production', 'said', 'taiwan', 'top', 'tech', 'official', 'taiwan', 'semiconductor', 'industry', 'annual', 'output', 'valued', 'nt26', 'trillion', 'us867', 'billion', '2019', 'said', 'ministry', 'science', 'technology', 'minister', 'chen', 'lianggee', '陳良基', 'news', 'conference', 'held', 'monday', 'jan', '20', 'output', 'expected', 'double', 'nt52', 'trillion', 'within', 'decade', 'even', 'reach', 'nt6', 'trillion', '2030', 'according', 'optimistic', 'forecast', 'wrote', 'udn', 'samsung', 'striving', 'stay', 'ahead', 'game', 'advancement', 'chipmaking', 'technology', 'strong', 'backing', 'south', 'korean', 'government', 'unlikely', 'beat', 'taiwan', 'semiconductor', 'manufacturing', 'company', 'tsmc', 'world', 'largest', 'semiconductor', 'foundry', 'chen', 'believes', 'taiwan', 'semiconductor', 'businesses', 'thrive', 'cluster', 'development', 'industry', 'ecology', 'evidenced', 'countrys', 'many', 'science', 'parks', 'chen', 'said']","['taipei', 'taiwan', 'news', 'south', 'korea', 'hardli', 'compet', 'taiwan', 'semiconductor', 'manufactur', 'despit', 'ambiti', 'move', 'samsung', 'electron', 'put', '3nanomet', 'semiconductor', 'node', 'commerci', 'product', 'said', 'taiwan', 'top', 'tech', 'offici', 'taiwan', 'semiconductor', 'industri', 'annual', 'output', 'valu', 'nt26', 'trillion', 'us867', 'billion', '2019', 'said', 'ministri', 'scienc', 'technolog', 'minist', 'chen', 'liangge', '陳良基', 'news', 'confer', 'held', 'monday', 'jan', '20', 'output', 'expect', 'doubl', 'nt52', 'trillion', 'within', 'decad', 'even', 'reach', 'nt6', 'trillion', '2030', 'accord', 'optimist', 'forecast', 'wrote', 'udn', 'samsung', 'strive', 'stay', 'ahead', 'game', 'advanc', 'chipmak', 'technolog', 'strong', 'back', 'south', 'korean', 'govern', 'unlik', 'beat', 'taiwan', 'semiconductor', 'manufactur', 'compani', 'tsmc', 'world', 'largest', 'semiconductor', 'foundri', 'chen', 'believ', 'taiwan', 'semiconductor', 'busi', 'thrive', 'cluster', 'develop', 'industri', 'ecolog', 'evidenc', 'countri', 'mani', 'scienc', 'park', 'chen', 'said']","['taipei', 'taiwan', 'news', 'south', 'korea', 'hardly', 'compete', 'taiwan', 'semiconductor', 'manufacturing', 'despite', 'ambitious', 'move', 'samsung', 'electronics', 'put', '3nanometer', 'semiconductor', 'node', 'commercial', 'production', 'said', 'taiwan', 'top', 'tech', 'official', 'taiwan', 'semiconductor', 'industry', 'annual', 'output', 'valued', 'nt26', 'trillion', 'us867', 'billion', '2019', 'said', 'ministry', 'science', 'technology', 'minister', 'chen', 'lianggee', '陳良基', 'news', 'conference', 'held', 'monday', 'jan', '20', 'output', 'expected', 'double', 'nt52', 'trillion', 'within', 'decade', 'even', 'reach', 'nt6', 'trillion', '2030', 'according', 'optimistic', 'forecast', 'wrote', 'udn', 'samsung', 'striving', 'stay', 'ahead', 'game', 'advancement', 'chipmaking', 'technology', 'strong', 'backing', 'south', 'korean', 'government', 'unlikely', 'beat', 'taiwan', 'semiconductor', 'manufacturing', 'company', 'tsmc', 'world', 'largest', 'semiconductor', 'foundry', 'chen', 'belief', 'taiwan', 'semiconductor', 'business', 'thrive', 'cluster', 'development', 'industry', 'ecology', 'evidenced', 'country', 'many', 'science', 'park', 'chen', 'said']"